1,	1
2,	32
131076,	1
9,	1
10,	1
12,	19
14,	1
15,	3
16,	2
18,	2
19,	30
20,	1
22,	1
23,	4
24,	1
25,	92
26,	3
27,	11
29,	1
31,	10
32,	6
33,	5
34,	7
35,	3
36,	4
37,	4
38,	12
39,	14
40,	4
41,	5
163882,	1
43,	9
47,	16
49,	3
50,	6
51,	1
52,	22
54,	10
55,	3
58,	89
59,	14
60,	105
70,	33
71,	67
72,	2
81,	28
86,	22
87,	44
88,	33
89,	6
90,	47
91,	13
92,	18
93,	14
94,	9
95,	2
100,	8
102,	19
103,	3
104,	1
107,	36
108,	3
109,	2
111,	8
112,	4
113,	1
114,	36
116,	7
117,	2
118,	12
119,	7
120,	1
123,	1
124,	5
125,	4
126,	5
127,	2
128,	2
131,	1
133,	5
134,	9
135,	8
136,	5
142,	45
143,	1
221504,	2
146,	6
147,	9
148,	9
150,	8
151,	3
152,	3
153,	13
154,	24
155,	4
156,	33
157,	7
158,	7
159,	8
160,	23
161,	13
162,	16
163,	33
164,	17
165,	1
166,	24
174,	3
175,	2
176,	16
177,	5
178,	7
181,	4
182,	17
183,	15
185,	15
186,	6
187,	1
189,	2
190,	7
191,	8
196,	24
197,	4
199,	2
202,	1
203,	20
204,	10
207,	106
208,	29
210,	1
211,	1
212,	2
213,	13
214,	3
215,	5
216,	6
217,	16
218,	1
223,	1
225,	4
226,	17
229,	11
230,	7
231,	12
236,	3
238,	10
239,	5
240,	6
241,	1
242,	2
249,	3
250,	5
251,	2
259,	5
262,	1
267,	4
268,	3
269,	3
270,	3
271,	4
272,	2
273,	15
274,	27
5507,	2
276,	4
279,	1
283,	7
284,	2
285,	1
286,	14
287,	8
288,	8
290,	1
291,	20
292,	28
293,	36
301,	11
302,	33
306,	6
307,	1
308,	10
309,	9
310,	6
311,	7
312,	3
317,	16
319,	2
320,	15
321,	9
322,	14
323,	4
324,	31
325,	13
326,	3
327,	7
328,	43
329,	22
330,	9
331,	24
332,	15
333,	23
334,	10
335,	23
336,	8
337,	2
338,	17
339,	34
341,	2
344,	1
347,	4
348,	16
350,	7
351,	97
353,	9
354,	13
355,	37
356,	30
357,	1
358,	10
359,	1
360,	1
361,	4
362,	1
367,	129
369,	23
124401,	1
372,	8
373,	18
374,	5
375,	38
377,	7
378,	2
379,	20
381,	5
382,	113
383,	5
384,	1
387,	68
388,	6
389,	11
390,	4
391,	17
392,	20
393,	1
394,	6
396,	23
397,	8
398,	6
399,	7
400,	11
401,	5
402,	4
403,	11
405,	24
406,	12
407,	17
408,	46
409,	47
410,	4
415,	4
416,	1
417,	1
421,	5
427,	3
429,	8
430,	3
432,	6
433,	4
434,	6
435,	4
439,	1
440,	3
443,	1
444,	1
445,	10
65989,	4
65990,	9
65991,	10
65992,	1
65993,	2
65997,	1
462,	8
463,	4
466,	17
467,	13
468,	19
471,	16
472,	48
473,	19
474,	1
475,	3
476,	6
477,	1
478,	1
480,	1
481,	5
482,	1
483,	1
486,	1
487,	5
488,	13
489,	4
490,	3
491,	6
493,	9
496,	1
498,	23
66036,	7
66037,	3
506,	26
509,	37
513,	22
514,	17
515,	21
516,	17
518,	2
521,	17
522,	17
197131,	16
22931,	3
525,	3
527,	2
529,	14
534,	1
537,	2
538,	3
539,	26
540,	4
545,	19
546,	7
547,	1
549,	3
550,	7
551,	5
552,	3
553,	2
554,	5
558,	19
563,	2
566,	1
567,	20
570,	1
571,	2
572,	33
573,	19
575,	7
576,	6
578,	19
580,	30
581,	20
583,	1
585,	1
586,	5
587,	5
590,	2
593,	10
594,	9
595,	54
596,	76
597,	11
598,	57
599,	9
602,	26
604,	78
605,	1
607,	5
608,	6
610,	1
613,	33
617,	1
622,	2
623,	1
624,	12
627,	10
629,	3
631,	3
632,	4
633,	14
634,	11
635,	1
636,	3
637,	24
638,	5
639,	5
640,	11
641,	18
642,	7
643,	6
648,	15
649,	11
650,	17
651,	3
652,	15
653,	4
654,	9
655,	12
656,	2
657,	17
658,	48
659,	40
660,	18
661,	25
662,	6
663,	9
664,	7
665,	12
666,	2
667,	19
668,	1
669,	1
671,	1
672,	114
673,	19
675,	15
676,	1
677,	2
682,	11
683,	2
685,	4
687,	1
688,	8
689,	11
694,	8
695,	53
696,	1
699,	14
701,	19
705,	6
706,	2
708,	47
710,	14
712,	16
713,	7
714,	3
715,	5
716,	4
717,	5
718,	30
719,	2
720,	5
721,	7
722,	6
725,	1
727,	8
728,	7
729,	2
730,	3
731,	4
732,	3
733,	1
735,	3
738,	1
739,	1
197358,	1
752,	4
754,	2
758,	1
760,	11
761,	1
762,	3
765,	1
767,	2
768,	3
771,	8
773,	5
774,	9
775,	8
776,	2
777,	3
778,	1
779,	3
780,	16
782,	5
783,	1
784,	3
785,	8
788,	1
790,	24
793,	2
794,	2
796,	4
799,	5
800,	6
801,	117
805,	26
808,	41
810,	2
811,	42
813,	2
814,	7
815,	32
816,	11
817,	11
818,	27
819,	3
820,	5
821,	41
822,	1
823,	40
824,	8
825,	8
826,	15
829,	19
830,	3
831,	9
832,	11
833,	1
834,	33
835,	20
836,	125
837,	44
838,	4
839,	30
840,	51
841,	73
842,	36
843,	27
845,	4
846,	7
847,	6
857,	76
858,	9
859,	9
860,	24
861,	22
862,	35
863,	16
864,	11
865,	6
867,	81
868,	26
103910,	2
871,	10
874,	3
875,	5
881,	2
883,	1
885,	6
886,	3
887,	4
889,	2
890,	49
891,	37
892,	6
894,	19
896,	36
898,	30
899,	1
900,	7
901,	2
902,	111
904,	54
905,	43
908,	5
909,	1
910,	2
912,	6
913,	1
914,	17
915,	8
916,	16
917,	4
919,	33
920,	32
921,	22
922,	1
923,	2
924,	6
925,	15
926,	2
928,	20
929,	8
930,	21
931,	4
932,	1
933,	14
934,	3
939,	5
940,	17
941,	4
942,	5
943,	9
944,	2
945,	2
946,	1
947,	3
948,	13
949,	5
950,	2
952,	5
953,	1
954,	1
955,	1
957,	1
958,	42
959,	6
960,	34
961,	11
962,	8
963,	6
965,	3
966,	13
967,	8
969,	1
970,	1
971,	5
972,	8
973,	15
974,	9
975,	16
976,	1
977,	5
978,	5
983,	127
984,	13
985,	10
987,	1
988,	36
989,	6
990,	83
991,	29
993,	79
994,	33
995,	26
996,	16
997,	17
998,	85
999,	52
1000,	17
1001,	4
1002,	1
1003,	18
1004,	6
1005,	6
1006,	1
1007,	7
55681,	2
1009,	3
1010,	2
1012,	2
1013,	9
1014,	1
1016,	3
1017,	128
1018,	13
1019,	67
1020,	43
1021,	27
1022,	114
1024,	15
1025,	66
1026,	56
1027,	38
1028,	6
1029,	44
1030,	8
1031,	15
1032,	3
1033,	7
1039,	4
1041,	2
1045,	11
1047,	1
1048,	2
1050,	24
1051,	47
1052,	9
1053,	14
1054,	12
1056,	1
1058,	7
1059,	7
1060,	3
1062,	3
1063,	10
1066,	3
1068,	1
1069,	2
1070,	5
1071,	5
1072,	21
1073,	6
1075,	3
1080,	133
1081,	10
1082,	3
1084,	4
132158,	1
1088,	2
22950,	1
1101,	1
1102,	2
1103,	9
1104,	18
1105,	5
1106,	1
1107,	78
1108,	7
1111,	24
1112,	2
1113,	2
1114,	23
1116,	1
1119,	1
1121,	11
1122,	5
1123,	6
1124,	4
1128,	2
1129,	8
1130,	15
1131,	6
1132,	2
1134,	4
1135,	2
1136,	2
1137,	6
1138,	1
1139,	2
1140,	1
1141,	3
1143,	5
1144,	2
1145,	1
1146,	1
1147,	71
1149,	6
1152,	4
1153,	6
1154,	11
1155,	3
1158,	5
1159,	6
1160,	5
1161,	46
1163,	7
1164,	6
1173,	31
1174,	12
1175,	3
1176,	6
1179,	3
1180,	1
1182,	4
1184,	3
1186,	1
1191,	18
1192,	10
1193,	1
1195,	11
1196,	4
1198,	4
1200,	1
1203,	1
1207,	6
1208,	3
1211,	6
1212,	7
1213,	65
1215,	8
1230,	19
1231,	8
1232,	21
1233,	7
1234,	41
1235,	4
1236,	3
1237,	5
1238,	15
1241,	2
1244,	5
22955,	11
1258,	2
1259,	1
1260,	3
1263,	7
1264,	5
1265,	1
1266,	2
1267,	3
1268,	6
1269,	1
1270,	12
1271,	9
1272,	8
1277,	39
1278,	30
1280,	27
1281,	9
1282,	20
1284,	19
1285,	17
1286,	12
1287,	11
1288,	10
1289,	6
1290,	2
1291,	4
1292,	3
1293,	1
1294,	14
1295,	8
1296,	1
1297,	2
1298,	5
1299,	2
1300,	3
1301,	1
1303,	1
1305,	7
1308,	13
1311,	3
1312,	5
1314,	11
1315,	19
1316,	10
1317,	1
5682,	73
1326,	33
1327,	1
1329,	2
1345,	1
1355,	11
1356,	6
1361,	3
1363,	18
1364,	4
1365,	5
1366,	3
1368,	2
1369,	5
1370,	1
1373,	4
1378,	7
1380,	10
1381,	1
1382,	2
1385,	33
1386,	29
1387,	178
1388,	5
1390,	20
1392,	3
1393,	1
1394,	8
1395,	5
1396,	3
1397,	7
1398,	66
1399,	47
1400,	54
1401,	12
1404,	7
1406,	7
1407,	11
1408,	4
1409,	11
1410,	12
1411,	1
1412,	1
1414,	2
1415,	5
1420,	5
1429,	3
1431,	17
1432,	69
1434,	14
1435,	6
1436,	16
1437,	8
1438,	9
1439,	26
1440,	2
1441,	17
1442,	5
1443,	2
1445,	34
1446,	4
1447,	4
1448,	2
1452,	30
1453,	17
1454,	20
1455,	3
1456,	1
1457,	151
1459,	69
1460,	47
1462,	20
1463,	6
1464,	7
114932,	2
1466,	3
1468,	9
1470,	1
1471,	7
1473,	1
1475,	6
1476,	9
1477,	98
1478,	112
1479,	5
1482,	9
1485,	4
1487,	32
1488,	24
1489,	2
1490,	9
1491,	1
1493,	14
1495,	19
1496,	1
1499,	122
1500,	20
1501,	11
1503,	11
1504,	3
1506,	1
1508,	22
1509,	14
1510,	6
1511,	24
1512,	4
1513,	5
1514,	21
1520,	6
1523,	16
1524,	1
1525,	1
1527,	1
1528,	7
1535,	7
1536,	7
1537,	3
1540,	5
1543,	1
1544,	1
1545,	1
1548,	1
1549,	1
1557,	1
1559,	1
1571,	1
1576,	2
1580,	1
1583,	5
1584,	1
1585,	3
1586,	2
1588,	2
645737,	1
11189,	5
1600,	21
1601,	24
1602,	10
1603,	4
1604,	7
1605,	16
1606,	3
1607,	2
1609,	1
1610,	1
1611,	3
1612,	12
1613,	9
1615,	5
1616,	47
1617,	8
1618,	7
1620,	1
1621,	1
1622,	2
1627,	10
1628,	4
1629,	10
1630,	12
1632,	5
1633,	6
1634,	26
1635,	8
1636,	3
1638,	1
1639,	39
1641,	7
1642,	50
1643,	26
1645,	1
1646,	1
1647,	17
1649,	17
1650,	15
1652,	5
1653,	4
1654,	4
1655,	29
1656,	10
1660,	124
1663,	2
1665,	2
1666,	2
1667,	4
1668,	1
1670,	1
1671,	3
1672,	4
1673,	2
1674,	14
1675,	2
1676,	22
1677,	4
1678,	2
1687,	1
165530,	1
1716,	2
1717,	5
1718,	1
1719,	5
1723,	2
1725,	8
1727,	5
1728,	4
1729,	9
1730,	3
1731,	4
1733,	1
1734,	2
1735,	1
1736,	5
1737,	14
1738,	28
1739,	55
1740,	29
1741,	32
1742,	88
1743,	28
1745,	1
1746,	3
1748,	1
1749,	4
1755,	4
1756,	21
1758,	2
1759,	39
1760,	11
1762,	1
1763,	14
1770,	1
1773,	4
1777,	2
1778,	18
1780,	6
1781,	3
1783,	2
1785,	29
1786,	17
1787,	12
1788,	14
1789,	15
1791,	5
1793,	9
1794,	6
1795,	3
1796,	43
1797,	9
1800,	2
1801,	2
1803,	16
1804,	1
1805,	4
1806,	3
1807,	3
1808,	7
1809,	2
1810,	4
1811,	1
1812,	10
1813,	15
1814,	10
1815,	5
1816,	4
1819,	1
1820,	4
1821,	4
1822,	89
1823,	6
1824,	6
1825,	4
1826,	1
1827,	2
1828,	10
1829,	4
1830,	4
1831,	10
1832,	36
1837,	14
1838,	16
1839,	12
1840,	8
1841,	6
1843,	10
1844,	2
1845,	11
1846,	7
1847,	2
1848,	4
1849,	3
1854,	11
1855,	24
1856,	57
1857,	28
1859,	9
1861,	7
1869,	53
1870,	19
1871,	19
1874,	20
1875,	16
1876,	9
1877,	6
1879,	5
1880,	1
132954,	1
338917,	1
1889,	2
1890,	3
1891,	8
1892,	25
1893,	4
1894,	6
1896,	4
1901,	7
1902,	1
1903,	4
1906,	10
1907,	3
1908,	5
1909,	6
1910,	7
1911,	9
1912,	15
1915,	183
1917,	17
1933,	101
1936,	115
1937,	153
1938,	95
1939,	2
1942,	14
1943,	4
1944,	5
1945,	7
1946,	8
1947,	12
1948,	18
1949,	4
1950,	12
1951,	13
1952,	3
1953,	3
1954,	3
1956,	207
1958,	11
1959,	3
1961,	1
1962,	1
1964,	117
1965,	122
1967,	72
1968,	120
1969,	19
1973,	130
1974,	122
1975,	114
1977,	134
1978,	19
1979,	1
1981,	138
1982,	13
1983,	115
1984,	6
1990,	6
1991,	30
1992,	2
1994,	15
1995,	1
1996,	3
1997,	7
1998,	2
1999,	36
2000,	5
2001,	3
2002,	24
2004,	7
2005,	7
2006,	18
2009,	3
2010,	16
2011,	8
2014,	1
2017,	25
2018,	1
2019,	2
2020,	1
2022,	13
2023,	13
2026,	22
2027,	6
2028,	3
2029,	6
2030,	1
2033,	194
2034,	6
2035,	120
2036,	9
2037,	11
2038,	10
2039,	9
2040,	8
2041,	3
2042,	9
2043,	12
2044,	5
2045,	6
2046,	4
2047,	11
2048,	23
2049,	8
2050,	4
2051,	9
2053,	1
2054,	7
2056,	2
2057,	33
2058,	20
2059,	25
2060,	29
2063,	7
2064,	47
2065,	27
2066,	25
2067,	49
2068,	93
2069,	3
2071,	95
2072,	49
2073,	50
2074,	50
2077,	5
2078,	7
2079,	20
2081,	8
2091,	29
2098,	3
2099,	168
2100,	46
2101,	11
2103,	2
2104,	5
2107,	91
2108,	9
2109,	2
2113,	26
2114,	17
2115,	9
2117,	1
2118,	4
2119,	1
2120,	9
2122,	7
2125,	13
2130,	135
2131,	6
2132,	12
2138,	5
2139,	6
2140,	3
2145,	1
2146,	23
2147,	51
2149,	17
2150,	9
2151,	10
2152,	11
2153,	29
2155,	12
2157,	24
2158,	18
2159,	37
2160,	18
2161,	18
2162,	12
2165,	8
2167,	9
2168,	2
2170,	2
2171,	1
2175,	13
2176,	13
2177,	12
2178,	5
2181,	1
2184,	1
2185,	63
2186,	1
2187,	1
2188,	6
2189,	13
2191,	3
2192,	21
2193,	1
2194,	11
2195,	2
2197,	122
2199,	23
2200,	11
2201,	7
2202,	9
2203,	13
2204,	5
2205,	5
2206,	6
2207,	13
2208,	4
2209,	11
2212,	11
2213,	11
2214,	12
2215,	2
2217,	4
2219,	3
2220,	2
2222,	7
2224,	2
2230,	5
2232,	2
2235,	2
2237,	24
2239,	3
2241,	11
2242,	16
2243,	18
2244,	16
2245,	4
2246,	15
2247,	28
2248,	3
2249,	5
2250,	4
2251,	4
2252,	11
2253,	4
2254,	4
2255,	1
2257,	1
2258,	1
2260,	32
2261,	38
2263,	18
2264,	16
2266,	15
2267,	1
2268,	18
131450,	1
2271,	8
2272,	4
2273,	12
2274,	39
2275,	21
2277,	4
2280,	16
2281,	1
2286,	5
2287,	7
2288,	12
2289,	8
2290,	14
2291,	1
2295,	2
2296,	1
2300,	1
2304,	1
2305,	4
2307,	1
2308,	21
2309,	13
2312,	2
2313,	7
2314,	8
2316,	63
2317,	12
2318,	19
2319,	4
2321,	21
2322,	10
2323,	4
2324,	12
2331,	3
2332,	11
2335,	74
493856,	2
2339,	11
493861,	2
2342,	7
2348,	1
2350,	1
2353,	48
2354,	2
2355,	3
2357,	5
2358,	2
2395,	3
2444,	1
133522,	4
404550,	2
2475,	17
55027,	3
2488,	4
2492,	17
2494,	3
2495,	10
2512,	12
2515,	2
2516,	21
2520,	5
2521,	114
2526,	3
2529,	1
2532,	8
2533,	11
2534,	132
2535,	2
2537,	1
2538,	2
2539,	11
2547,	79
2548,	1
2549,	26
2550,	5
2551,	7
2553,	11
2554,	4
2557,	1
2560,	3
2561,	4
2562,	3
2563,	2
2564,	6
2565,	1
2566,	2
2567,	1
2569,	10
2570,	4
2571,	5
2572,	3
2577,	1
5891,	3
2580,	11
2582,	1
2583,	1
2587,	1
2589,	2
2590,	1
2592,	1
2593,	1
2596,	6
2597,	53
2617,	7
2618,	6
2619,	3
2620,	2
2621,	7
2622,	1
2623,	12
2624,	13
2625,	6
2626,	13
2627,	4
2628,	2
2629,	1
494150,	7
2631,	2
2632,	5
2633,	3
2634,	11
2635,	1
2638,	11
2639,	5
2641,	25
2642,	19
2643,	10
2644,	2
2645,	7
2646,	1
2647,	11
2648,	22
2649,	4
2650,	1
2652,	1
2653,	3
2660,	6
2661,	40
2664,	14
2665,	18
2668,	5
2669,	3
2670,	23
2671,	6
2672,	3
2673,	2
133746,	2
2675,	2
2676,	1
2677,	10
2678,	2
2683,	5
2686,	1
2688,	76
2689,	1
2690,	23
2691,	1
2692,	3
2693,	2
2694,	1
2695,	1
2696,	1
2697,	14
2700,	5
2702,	3
2703,	2
2705,	6
2706,	3
2707,	1
2710,	1
2717,	1
2719,	4
2720,	4
2730,	6
2731,	2
2733,	2
2734,	2
2735,	5
2736,	6
2737,	12
2739,	2
2740,	2
2742,	3
2743,	1
2744,	5
2745,	10
2746,	6
2747,	2
2752,	7
2760,	3
2762,	1
2764,	8
2766,	1
2767,	16
2768,	28
2769,	17
2770,	49
2771,	49
2773,	31
2775,	28
2776,	45
2778,	52
2779,	3
2781,	14
2782,	35
2783,	29
2784,	20
2785,	21
2786,	21
2787,	20
2788,	22
2790,	19
2791,	22
2792,	5
2793,	1
2796,	2
2797,	1
2798,	2
2800,	3
2801,	19
2802,	9
2803,	7
2804,	10
2805,	4
2806,	6
166647,	1
2810,	27
2811,	25
2812,	19
2813,	3
2814,	18
2815,	17
2817,	5
2819,	3
2820,	1
2821,	16
2822,	5
2823,	1
2825,	1
2826,	9
2827,	1
2829,	3
2831,	1
2832,	1
2833,	10
2834,	3
2837,	2
2840,	1
2844,	2
2846,	1
2847,	3
2849,	1
2861,	2
2862,	3
2864,	2
2867,	2
2868,	3
2869,	18
2870,	15
2872,	6
2873,	17
2874,	16
2875,	9
2876,	3
2877,	1
2882,	2
2885,	397
2886,	17
2887,	25
2888,	11
2889,	11
2890,	20
2891,	5
2892,	6
2893,	9
2894,	3
2895,	5
2896,	11
2897,	6
2898,	4
2899,	2
2901,	7
2902,	51
2903,	18
2904,	31
2905,	5
2906,	33
2908,	84
2909,	2
2911,	9
2912,	3
2913,	8
2914,	4
2915,	9
2916,	1
2917,	11
2918,	1
2919,	5
2920,	5
2921,	2
2922,	4
2923,	11
2925,	1
2926,	1
2928,	1
2931,	18
2932,	84
2934,	24
2935,	18
2936,	7
2937,	2
2938,	2
2939,	1
2941,	1
2944,	4
166785,	1
2946,	4
2947,	10
2948,	11
2950,	10
55651,	2
2953,	1
2954,	4
2956,	9
2957,	46
2958,	43
2959,	67
2960,	44
2961,	48
2962,	152
2963,	156
2965,	104
2966,	91
2967,	89
2968,	89
2969,	24
2971,	21
2972,	25
2975,	36
2976,	20
2977,	5
2978,	1
2979,	2
2980,	1
2981,	1
2982,	1
2983,	3
2984,	3
2986,	2
2987,	8
2990,	3
2992,	10
2993,	1
2994,	1
2995,	3
2997,	9
2998,	2
3000,	5
3001,	6
3002,	22
3005,	6
3006,	4
501,	1
3008,	5
3009,	5
3010,	1
3012,	2
3014,	11
3015,	3
3017,	1
3018,	3
3020,	12
3021,	4
3024,	6
3026,	7
3028,	2
3029,	1
3030,	18
3032,	13
3033,	5
3034,	1
3035,	6
3036,	2
3040,	9
3043,	7
3045,	1
3046,	1
3047,	1
3048,	4
3050,	4
3053,	4
3054,	33
3055,	52
3059,	14
3060,	3
3061,	2
3062,	2
3064,	59
3065,	126
3066,	68
3069,	8
3070,	2
3073,	2
3074,	2
134147,	7
3077,	3
3078,	3
3081,	3
3082,	13
3083,	6
3084,	6
3087,	6
3090,	3
3091,	30
3092,	14
3093,	11
3094,	4
3096,	5
3097,	1
3098,	9
3099,	8
3101,	7
3104,	4
3105,	29
3106,	13
3107,	287
3108,	6
3109,	7
3111,	1
199720,	4
3113,	2
3115,	1
3117,	3
3118,	8
3119,	3
3122,	9
3123,	4
3125,	2
3126,	1
3127,	2
3131,	4
3133,	7
3134,	5
3135,	11
199745,	3
523,	3
3146,	53
3148,	14
3150,	9
3151,	7
3155,	3
3156,	5
3157,	1
3158,	2
3159,	21
3161,	4
3162,	4
3163,	13
3164,	21
3169,	2
3170,	8
3171,	1
3172,	27
3175,	4
3178,	114
3181,	102
3182,	11
3183,	122
3184,	115
3185,	101
3187,	111
3188,	97
3189,	12
3190,	132
3191,	117
3192,	128
134265,	1
134266,	1
3195,	7
3196,	1
5994,	3
3198,	11
3199,	1
3202,	5
3204,	2
3205,	7
3206,	9
3207,	3
3208,	2
3211,	8
3212,	3
3213,	2
3214,	3
3216,	8
3217,	7
3218,	4
3219,	9
3221,	2
3224,	8
3225,	1
3226,	2
3233,	5
3235,	2
3236,	3
3237,	1
3238,	3
3240,	7
3241,	3
3242,	2
3249,	1
171546,	1
3251,	19
3257,	1
3265,	79
3266,	2
3267,	6
3268,	2
3270,	1
3273,	10
3274,	1
3275,	17
3276,	51
3279,	9
3280,	14
134353,	27
3292,	1
3295,	4
3297,	33
3298,	8
3299,	8
3300,	3
3301,	37
3303,	56
3304,	45
3305,	34
3306,	8
3308,	13
3309,	67
3310,	11
3311,	1
3312,	82
3313,	37
3315,	35
3316,	5
134391,	1
3320,	100
3326,	76
3329,	26
3336,	27
3337,	14
3339,	26
3346,	2
3347,	1
3350,	8
3351,	5
3352,	4
3354,	2
3356,	16
3357,	2
3358,	6
3359,	2
3362,	3
3363,	1
3364,	13
3371,	6
3373,	1
3375,	4
3376,	11
3382,	4
3383,	12
3384,	6
3385,	9
3386,	6
167227,	14
3394,	5
3396,	2
3397,	10
3398,	22
3399,	15
3400,	4
3416,	6
3417,	2
3419,	8
3420,	10
3421,	6
3425,	1
3426,	2
3428,	4
3429,	2
3430,	2
3431,	1
3433,	1
3434,	2
3437,	4
134510,	2
3439,	4
3440,	2
3442,	1
3445,	2
3447,	1
3454,	22
3455,	14
3456,	3
3458,	6
3459,	7
3460,	6
3467,	1
200081,	4
3475,	2
3476,	6
3479,	14
3480,	49
3481,	16
3482,	14
3483,	4
3484,	4
3485,	4
3486,	27
3487,	5
3488,	17
3489,	4
3490,	10
3491,	2
3493,	6
3494,	3
3495,	3
3497,	1
3500,	9
3501,	1
3502,	1
3507,	10
3508,	1
3512,	2
3514,	4
3516,	16
3537,	3
3538,	3
3543,	2
3547,	8
3549,	3
3550,	5
3551,	71
3552,	9
3553,	10
3554,	14
3556,	13
3557,	2
3558,	9
3559,	8
3560,	24
3561,	21
3562,	5
3563,	4
3565,	5
3566,	20
3567,	3
3568,	6
3569,	7
3570,	10
3572,	28
3574,	2
3575,	13
3576,	10
3577,	13
200186,	5
3579,	21
3581,	5
131669,	1
3586,	4
3587,	3
3588,	7
3589,	3
3590,	1
3592,	6
3593,	4
3594,	6
3595,	6
3596,	5
3597,	4
3598,	2
3600,	3
3601,	6
3603,	24
3604,	6
3605,	2
3606,	7
3607,	2
3608,	7
3609,	15
3611,	63
3612,	2
3613,	1
3614,	1
3615,	15
23034,	1
3619,	6
3620,	2
3621,	23
3622,	4
3623,	4
3624,	15
3625,	10
3626,	6
3627,	6
3630,	28
3631,	3
3632,	2
3635,	24
3636,	12
3638,	3
3640,	1
3642,	4
3643,	78
3645,	2
3646,	139
3651,	9
3654,	39
3655,	17
3656,	12
3658,	1
3659,	8
3660,	11
3661,	16
3662,	8
3663,	5
3665,	13
3667,	69
3670,	10
3672,	9
3673,	12
3674,	15
3675,	14
3676,	16
3678,	21
3679,	5
3680,	6
3681,	3
3682,	3
3683,	8
3684,	15
3685,	26
3687,	4
3688,	58
3689,	36
3690,	38
3691,	22
3692,	84
3693,	23
3694,	4
3695,	14
3696,	3
3698,	3
3699,	1
3700,	1
3702,	23
3703,	3
3705,	3
3706,	6
3707,	4
3708,	29
3709,	4
3710,	12
3712,	7
3713,	2
3714,	17
3716,	59
3717,	79
3718,	31
3725,	109
3726,	16
3727,	22
3728,	40
3730,	1
3732,	21
3735,	9
3736,	3
3737,	13
3738,	4
3739,	8
3741,	5
3744,	1
3745,	12
3746,	4
3750,	2
3751,	7
3752,	1
3753,	3
3754,	4
3755,	1
3756,	3
3757,	10
3758,	4
3759,	11
3760,	4
3761,	7
3762,	2
3763,	6
3764,	5
3765,	6
3766,	5
3767,	5
3768,	16
3772,	3
3773,	3
3775,	3
3777,	3
3778,	6
3779,	3
3781,	2
3783,	1
3784,	5
3785,	5
3786,	7
3790,	1
3791,	43
3792,	5
3795,	11
3797,	4
3798,	6
3799,	20
3800,	6
3801,	1
3802,	1
3803,	3
3804,	2
3805,	2
3806,	1
3807,	2
3809,	1
3811,	2
3812,	1
3813,	1
3814,	6
3815,	52
3816,	3
3817,	13
3818,	18
3821,	4
3822,	2
3823,	2
3824,	7
3827,	36
3831,	10
3832,	4
3835,	4
3836,	14
3837,	49
3838,	36
3839,	12
3840,	4
3841,	3
3842,	18
3843,	15
3845,	27
3848,	14
3849,	2
3852,	11
3853,	7
3854,	2
3855,	8
3856,	22
3857,	5
3858,	6
3860,	1
3861,	6
3866,	50
3868,	2
3872,	5
3875,	48
3880,	16
3881,	16
3882,	2
3883,	2
3884,	5
3885,	3
3887,	3
3888,	8
3891,	9
3895,	7
200504,	1
3897,	16
3898,	1
3902,	2
3903,	4
3906,	4
197259,	1
3908,	2
3909,	6
3910,	15
3911,	12
3912,	4
3914,	5
200523,	3
3916,	2
3918,	6
3920,	2
3921,	122
3925,	13
3927,	12
3929,	5
3930,	11
3931,	2
3932,	97
3933,	4
3934,	2
3936,	6
3937,	28
3938,	2
3939,	12
3945,	7
3949,	10
3952,	8
3953,	15
3954,	2
3955,	2
3956,	13
3957,	3
3958,	14
3959,	19
3960,	4
3963,	1
3964,	4
200576,	1
3972,	4
3973,	11
3975,	2
3976,	2
3977,	12
3978,	34
3980,	3
3981,	7
3982,	1
3983,	13
3984,	18
3985,	6
167826,	1
3987,	10
3990,	2
3991,	17
3992,	2
3996,	4
167838,	2
4000,	33
4001,	22
4004,	6
4005,	20
4008,	5
4009,	3
4010,	2
4012,	5
137202,	1
4014,	3
4015,	6
4016,	1
4018,	9
4023,	14
4026,	2
4034,	3
4035,	57
4036,	44
4038,	1
4040,	11
4041,	7
4043,	12
4045,	1
4046,	3
4048,	6
4049,	10
4050,	5
4052,	9
4054,	6
4055,	11
4056,	2
4057,	9
4058,	4
4059,	2
4060,	4
4061,	3
4062,	2
4063,	4
4064,	1
4066,	5
4067,	99
4068,	11
4069,	18
4071,	6
4072,	4
4074,	5
4076,	4
4077,	4
4082,	9
4084,	13
4085,	24
4086,	103
4087,	163
4088,	178
4089,	137
4090,	35
4091,	13
4092,	41
4093,	110
4094,	11
4097,	13
4099,	13
4100,	8
4103,	5
4105,	36
4110,	59
4111,	1
4113,	34
4115,	1
4116,	110
4120,	1
4122,	5
4123,	1
4125,	1
200734,	2
4128,	1
4129,	1
4130,	16
4131,	19
4133,	16
4134,	6
4135,	2
4137,	43
4139,	9
4140,	23
4141,	19
4142,	1
4144,	7
4145,	9
4146,	6
4147,	13
4148,	3
4149,	30
4150,	3
4152,	19
4153,	10
4155,	42
4157,	3
4158,	2
4159,	2
4160,	8
4161,	4
4162,	3
4163,	215
4168,	5
4170,	22
4171,	53
4172,	54
4173,	37
4174,	42
4175,	46
4176,	66
135250,	2
4179,	10
4184,	3
4185,	1
4188,	108
4189,	8
4190,	4
4191,	7
4192,	15
4193,	45
4194,	16
4197,	2
4200,	6
4201,	1
4204,	6
4205,	19
4207,	3
4208,	16
4209,	9
4210,	3
4211,	18
4214,	4
4215,	164
4216,	18
4217,	38
4218,	13
4221,	20
4222,	2
4223,	9
4224,	17
4225,	14
4232,	2
4233,	39
4234,	3
4236,	1
4237,	5
4239,	1
4241,	3
4242,	4
4245,	1
4246,	1
4250,	1
4253,	1
4254,	9
4255,	7
4256,	1
4257,	2
4259,	1
4261,	11
4267,	9
202781,	1
4276,	2
4277,	2
4281,	3
4282,	26
4283,	3
4284,	7
4286,	16
4287,	11
4288,	7
4289,	1
4291,	6
4292,	16
4293,	2
4294,	15
4295,	1
4296,	16
4297,	14
4298,	5
4299,	2
4300,	9
4301,	33
4302,	4
4303,	10
4306,	9
4308,	1
4311,	14
4312,	16
4313,	33
4314,	17
4316,	15
4317,	6
4318,	30
4319,	3
4320,	1
4321,	4
4322,	9
4323,	19
4324,	1
4325,	2
4326,	3
4327,	1
4329,	3
4330,	1
4331,	114
4335,	5
4338,	1
4340,	1
4342,	3
4343,	2
4345,	2
4350,	34
4352,	7
4353,	2
4354,	5
4355,	1
4356,	19
4357,	1
4359,	2
4360,	1
4361,	13
23059,	3
55793,	1
135458,	4
4430,	7
4435,	6
4436,	19
4437,	3
4438,	6
4439,	1
4440,	1
4478,	29
4481,	1
4485,	4
4486,	18
4487,	16
4488,	14
4494,	1
4495,	2
4496,	2
4502,	5
4507,	1
4512,	2
4513,	5
4514,	1
4515,	3
4520,	1
4521,	2
4522,	12
4524,	1
4528,	2
4534,	1
4535,	4
4537,	1
4538,	1
4539,	1
4542,	1
4543,	25
4544,	18
4547,	2
4548,	2
4552,	1
201161,	1
201176,	1
168417,	1
6509,	1
4580,	2
4582,	21
4583,	5
4585,	2
4588,	1
4589,	16
4591,	29
4593,	2
4594,	6
4595,	7
4597,	6
4598,	2
4599,	11
4600,	1
4601,	6
4602,	18
266747,	4
4604,	2
4605,	19
4606,	1
4607,	5
4608,	1
4609,	69
4610,	2
4611,	1
4613,	7
4615,	23
4616,	11
4617,	11
4618,	4
4619,	7
4620,	4
4622,	1
4624,	1
4625,	3
4626,	2
4627,	30
4628,	22
4629,	2
4632,	3
4633,	5
4634,	1
4637,	16
4638,	13
4640,	5
4641,	15
4642,	12
4643,	1
4644,	8
4645,	8
4646,	15
4647,	9
4649,	3
4650,	5
4651,	6
4653,	39
4654,	45
4656,	11
201266,	1
4659,	13
4660,	2
4661,	2
4664,	1
4665,	1
4666,	11
4668,	1
4670,	126
4671,	4
4673,	17
4676,	7
4677,	3
4678,	18
4680,	2
4681,	2
4682,	1
4683,	17
4684,	12
4685,	1
201294,	3
4687,	37
4688,	11
4689,	9
4690,	60
4691,	30
4692,	19
4693,	1
4694,	1
4697,	2
4698,	3
4700,	4
4701,	3
4703,	7
168544,	3
4707,	2
4709,	1
4712,	1
4714,	3
4715,	7
4716,	1
4719,	2
4723,	1
4726,	2
4729,	3
4731,	1
4733,	7
4734,	37
4735,	15
4736,	113
4738,	18
4739,	29
4741,	3
4744,	4
4745,	3
4747,	17
4750,	13
4751,	9
4752,	3
4753,	3
4756,	1
4758,	3
4760,	11
4761,	1
4762,	2
4763,	7
4771,	20
4772,	3
4773,	20
4775,	4
4776,	5
4778,	10
4779,	8
4780,	17
4781,	3
4782,	9
4783,	4
4784,	5
4790,	71
4791,	137
4792,	76
4793,	71
4794,	45
4795,	10
4796,	1
4798,	1
4799,	1
4800,	21
4801,	16
4802,	7
4803,	8
4804,	30
4807,	4
4808,	1
4809,	104
4811,	19
4817,	2
4820,	1
4821,	1
4824,	3
168667,	3
4828,	2
4829,	1
4830,	25
4831,	65
4832,	7
4833,	3
4835,	3
4836,	14
4839,	5
4841,	23
4842,	22
4843,	7
4846,	13
4848,	2
4849,	2
4850,	2
4851,	41
4852,	10
4853,	24
4854,	18
4855,	20
4856,	11
4857,	3
4860,	20
4862,	8
4863,	2
4867,	11
4868,	11
4869,	21
4878,	4
4879,	3
4880,	3
4881,	5
4882,	2
4883,	4
4884,	1
4885,	1
4886,	3
4887,	4
4889,	2
4892,	4
4893,	25
4897,	9
4898,	4
4899,	5
4900,	4
4901,	2
4902,	3
4904,	108
4905,	19
4907,	3
201516,	2
131890,	1
55811,	2
4913,	9
4914,	31
4915,	17
4916,	14
4919,	1
4920,	4
4921,	4
4922,	9
4923,	2
4924,	6
4926,	13
4927,	23
4928,	34
4929,	5
4931,	2
4935,	2
4942,	16
4943,	1
4946,	5
4947,	3
4950,	12
4951,	2
4952,	5
4953,	3
201562,	1
4956,	6
4957,	1
4967,	13
4968,	6
4974,	1
4975,	2
4976,	1
4978,	1
4982,	6
4983,	3
4985,	16
4986,	5
4987,	3
4988,	10
4990,	2
4998,	80
4999,	39
5000,	37
5001,	36
5004,	3
5007,	1
5008,	10
5009,	6
5010,	2
5013,	6
5015,	3
5016,	3
5019,	2
5020,	4
5021,	4
5023,	1
5024,	1
5025,	1
5027,	3
5028,	3
5029,	6
55815,	1
5034,	28
116987,	3
5036,	32
5037,	24
5042,	1
5045,	38
5046,	4
5047,	9
5048,	18
5049,	20
5050,	33
5052,	8
5053,	4
5054,	16
5055,	6
5058,	59
23082,	3
5062,	59
5063,	7
5066,	4
5068,	5
5069,	11
5071,	24
5073,	3
5074,	12
5075,	2
5076,	7
5077,	7
5079,	14
5080,	18
5081,	2
5082,	4
5083,	2
5087,	12
5089,	19
5090,	4
5091,	6
5092,	12
5093,	131
5094,	101
5095,	4
5096,	5
5097,	2
5099,	1
5100,	2
5101,	1
5104,	18
5105,	5
5108,	14
5110,	21
5111,	113
5116,	8
5118,	3
5119,	7
5121,	1
5122,	2
5125,	6
5126,	2
5127,	9
5128,	3
5129,	3
5130,	4
5132,	5
5133,	1
5134,	4
5136,	4
5137,	3
5138,	1
5140,	6
5141,	4
5142,	4
5143,	2
5144,	7
5147,	23
5148,	7
5152,	3
5153,	3
5154,	10
5155,	13
5156,	24
5159,	54
5160,	17
5161,	1
5162,	15
5163,	3
5164,	10
5165,	2
5166,	3
5167,	1
5170,	45
5173,	1
5174,	17
5175,	23
5176,	2
5178,	4
5184,	2
5187,	9
5189,	2
5190,	4
5191,	3
5192,	4
5193,	3
5194,	3
5195,	9
5196,	10
5198,	13
5199,	2
5201,	22
5202,	15
5203,	6
5204,	9
5207,	9
5208,	9
5209,	1
5211,	20
5213,	10
5214,	14
5216,	24
5217,	37
5218,	10
5223,	5
5224,	5
5226,	10
5228,	5
5229,	1
5230,	8
5236,	10
5239,	2
5241,	22
5243,	4
5244,	1
5245,	17
136319,	11
5250,	7
5251,	1
5252,	3
5255,	6
5256,	5
5257,	9
5260,	8
5261,	5
5264,	13
5265,	16
5266,	2
5267,	3
5269,	6
5270,	7
5271,	6
5272,	27
5274,	2
5275,	8
5276,	2
5277,	7
5279,	7
5281,	9
5283,	6
5284,	5
5286,	2
5287,	5
5289,	5
5290,	27
5291,	16
5292,	13
5293,	13
5294,	13
5295,	128
5296,	37
5297,	5
5298,	4
5300,	59
5303,	9
5304,	3
5305,	3
5306,	8
5307,	7
5308,	6
5310,	21
5311,	10
5313,	16
5314,	1
5315,	21
5316,	7
5317,	6
5318,	15
5319,	4
5320,	6
5321,	12
5322,	1
5324,	2
5325,	3
5327,	28
5328,	18
5329,	31
5330,	7
5331,	10
5332,	1
5333,	5
5335,	93
5336,	33
5337,	20
5338,	25
5339,	18
5340,	49
5341,	5
5345,	17
5346,	8
5347,	56
5348,	6
5349,	3
5350,	8
5351,	1
5352,	2
5354,	5
5355,	7
5356,	3
201965,	1
5358,	8
5359,	73
5360,	4
5361,	8
5362,	8
5364,	10
5365,	9
5366,	11
5367,	5
5368,	1
5371,	52
5372,	1
5376,	3
5378,	1
5393,	14
5394,	36
5395,	2
5396,	4
5406,	1
5408,	1
5411,	20
5413,	11
5414,	7
5420,	2
5422,	48
5423,	14
5424,	49
5425,	46
5426,	56
5427,	55
5428,	3
5429,	4
5430,	189
5431,	158
5432,	166
5433,	155
5434,	178
5435,	173
5436,	159
5437,	183
5438,	153
5439,	156
5440,	176
5441,	176
5442,	6
5443,	8
5444,	3
5445,	1
5447,	8
5449,	8
5450,	8
5451,	48
5452,	7
5453,	2
5454,	7
5455,	3
5456,	2
5457,	2
5458,	1
5460,	8
5463,	1
5464,	16
5465,	32
5467,	16
5468,	25
5469,	33
5470,	3
5471,	5
5473,	12
5475,	3
5476,	5
5478,	12
5479,	15
5480,	2
5481,	8
5493,	10
5494,	13
5495,	16
5496,	4
5498,	3
5499,	82
5500,	26
5501,	37
5504,	11
5506,	2
136579,	1
5509,	3
5510,	8
5511,	19
55831,	1
5514,	2
5515,	46
5516,	16
5518,	28
5519,	11
5520,	9
5521,	5
5523,	7
5524,	3
5525,	17
5526,	2
5527,	6
5528,	8
5529,	4
5530,	23
5531,	24
5532,	6
5533,	8
5534,	17
5536,	17
5537,	4
5540,	7
5545,	1
5546,	2
5547,	4
5549,	6
5550,	8
5551,	3
5552,	7
5553,	7
5557,	41
5558,	39
5562,	16
5563,	12
5564,	153
5565,	8
5566,	156
5567,	20
5568,	17
5569,	6
5570,	2
5571,	4
5573,	34
5575,	15
5576,	39
5577,	19
5578,	157
5579,	59
5580,	86
5581,	39
5582,	41
5583,	4
5584,	25
5585,	33
5586,	9
5587,	24
5588,	22
5589,	10
5590,	53
5591,	53
5592,	24
5593,	4
5594,	155
5595,	113
5596,	2
5597,	3
5598,	11
5599,	62
5600,	17
5601,	36
5602,	14
5603,	8
5604,	42
5605,	19
5606,	13
5607,	6
5608,	16
5609,	19
5610,	34
5611,	6
5612,	4
5613,	3
5617,	2
5618,	17
5619,	2
5621,	34
5623,	1
5624,	14
5626,	2
5627,	12
5629,	5
5630,	4
5631,	7
5634,	3
5635,	14
5636,	1
5639,	1
5641,	1
5644,	8
5645,	6
5646,	3
5648,	6
5649,	6
5651,	1
5652,	1
5653,	3
5654,	4
5655,	1
5657,	13
5660,	14
5662,	6
5663,	56
5664,	39
5669,	5
5670,	1
5671,	3
5673,	1
5678,	6
5680,	2
5681,	1
169522,	3
5683,	57
5684,	69
5685,	50
5686,	48
5687,	61
5688,	60
5689,	64
5690,	47
5691,	58
5692,	51
5693,	57
5694,	52
5695,	52
5696,	49
5697,	5
5698,	49
5699,	46
5700,	56
5701,	59
5702,	58
5704,	58
5705,	19
5706,	55
5707,	61
5708,	65
5709,	57
5710,	58
5711,	45
5713,	53
5714,	52
5715,	46
5716,	53
5717,	79
5718,	51
5719,	55
5720,	56
5721,	48
5723,	15
5724,	4
5725,	107
5727,	7
5728,	15
5729,	1
5730,	8
5731,	4
5732,	3
5733,	1
5737,	4
5738,	5
5739,	6
5741,	6
5742,	2
5743,	5
5744,	6
5745,	7
5746,	4
5747,	77
5753,	5
5754,	1
5756,	3
5757,	34
170261,	1
5763,	2
5764,	87
5768,	1
5770,	37
5771,	10
5774,	6
5775,	9
5777,	82
5778,	4
5780,	3
5781,	98
5782,	33
5783,	19
5784,	6
5786,	12
5787,	9
5788,	43
5789,	5
5790,	2
5791,	3
5792,	19
5793,	1
5794,	6
5795,	11
5796,	8
5797,	7
5798,	11
5799,	3
5800,	3
5801,	4
5802,	21
5803,	6
5805,	4
5806,	4
5810,	9
5813,	9
5814,	1
5817,	7
5818,	7
5819,	6
5822,	1
5824,	18
5825,	13
5826,	4
5828,	3
5829,	61
5830,	15
5832,	1
5833,	1
5834,	1
5836,	8
5837,	13
22820,	20
55589,	1
5858,	6
5859,	12
5860,	3
5861,	22
5862,	10
5863,	7
5864,	17
5865,	12
5866,	5
5867,	19
5868,	24
5869,	7
5870,	18
5871,	5
5872,	4
5873,	23
5874,	3
5875,	2
5876,	12
5877,	6
5878,	14
5879,	92
5880,	15
5881,	5
5883,	16
5884,	11
5885,	15
5886,	15
5887,	25
5888,	28
5889,	4
5890,	6
6443,	4
5892,	7
5893,	14
5894,	93
5896,	4
5897,	2
5898,	22
5899,	6
5900,	18
5901,	41
5902,	17
5903,	34
5905,	15
5906,	36
5908,	7
5909,	10
5910,	9
5911,	19
5912,	4
5913,	3
5914,	123
5915,	4
5916,	3
5917,	12
5920,	2
5921,	59
5922,	1
5923,	7
5925,	136
5926,	7
5927,	8
5928,	38
5929,	12
5930,	1
5931,	23
5932,	17
5933,	44
5934,	26
5936,	3
5937,	1
5939,	1
5940,	4
5947,	15
5949,	1
5950,	3
202559,	7
169792,	1
5954,	2
5955,	9
5956,	4
5957,	6
5959,	3
5961,	4
5962,	15
22839,	11
5965,	4
5966,	35
5967,	2
5970,	171
5971,	60
5972,	7
5973,	2
5976,	26
5977,	1
5978,	7
5979,	32
5980,	3
5981,	47
5982,	38
5983,	38
5984,	41
5985,	45
5987,	22
5989,	14
5990,	5
5991,	5
5992,	3
5993,	5
169834,	1
5995,	2
5996,	6
5997,	29
5998,	11
5999,	10
6000,	12
6001,	8
6002,	12
6003,	1
6004,	12
6005,	5
6008,	1
6009,	7
6010,	9
6011,	6
6013,	1
6014,	9
6015,	12
6016,	12
6017,	2
6018,	5
6019,	2
6035,	2
6036,	1
6039,	1
6041,	2
6045,	13
6046,	4
6047,	8
6048,	13
1008,	4
6050,	4
6051,	1
22854,	1
6059,	2
6473,	1
55627,	1
6091,	7
6092,	8
6093,	22
6094,	1
6095,	10
6096,	4
6098,	3
6100,	2
6101,	1
6102,	1
6103,	13
55631,	1
55632,	2
6117,	82
6118,	91
6119,	64
6120,	4
6121,	1
6122,	132
6123,	111
6124,	120
6125,	129
169966,	1
6128,	117
6129,	120
6130,	116
6132,	122
6133,	112
6134,	119
6135,	120
6136,	116
6137,	116
6138,	115
6139,	112
6141,	117
6142,	129
6143,	111
6144,	117
6146,	121
6147,	130
22870,	1
6150,	2
6152,	125
6154,	121
6155,	115
6156,	118
6157,	113
6158,	119
6159,	121
6160,	124
6161,	121
6164,	111
6165,	122
6167,	111
6168,	117
6169,	121
6170,	111
6171,	112
6173,	114
6175,	118
6176,	124
6181,	119
6182,	4
6183,	6
6184,	15
6185,	12
6187,	122
6188,	129
6189,	150
6191,	124
6192,	117
6193,	123
6194,	125
6195,	22
6196,	7
6197,	18
6198,	18
6199,	4
6201,	120
6202,	124
6203,	134
6204,	131
6205,	135
6206,	117
6207,	124
6208,	138
6209,	118
6210,	124
285025,	1
6217,	139
6218,	118
6222,	123
6223,	128
6224,	123
6227,	121
6228,	117
6229,	119
6230,	121
6231,	124
6232,	117
6233,	137
6234,	123
6235,	125
6236,	8
6237,	10
6238,	3
6239,	2
6240,	21
6241,	12
6242,	7
333926,	3
6247,	1
6249,	5
55655,	1
6252,	5
6256,	73
6257,	16
6258,	12
6259,	5
6261,	13
6262,	13
6263,	2
6271,	19
6272,	8
6273,	5
6274,	2
6275,	19
6276,	1
6277,	8
6278,	8
6279,	26
6280,	10
6281,	11
6282,	10
6283,	3
6284,	4
6285,	20
6286,	8
55661,	4
6288,	7
6289,	3
6291,	2
22894,	14
6294,	14
6295,	3
6297,	3
6299,	5
6300,	12
6301,	5
6303,	57
6304,	12
6305,	2
6307,	1
6310,	170
6311,	23
6314,	8
6317,	5
6318,	2
6319,	1
6320,	1
6324,	2
6326,	5
6328,	1
6329,	3
6330,	1
6331,	7
6334,	1
6336,	1
6337,	7
6338,	8
6339,	2
6340,	8
55670,	4
6342,	5
6343,	4
6344,	6
6346,	2
6347,	13
6348,	10
6349,	4
6351,	8
6352,	18
6354,	17
6355,	9
6356,	8
6357,	9
6358,	6
6359,	2
6360,	6
6361,	5
6362,	6
6363,	7
6364,	2
6366,	8
6367,	4
6368,	1
6369,	1
6370,	4
6372,	2
6373,	3
6374,	4
6375,	3
6376,	2
6382,	14
6383,	21
6385,	11
6386,	24
6387,	9
6389,	9
6390,	9
6391,	7
6392,	7
55679,	2
6396,	4
6398,	1
6399,	4
6400,	1
6401,	12
6402,	11
6403,	10
6404,	10
6405,	6
6406,	6
6407,	7
432395,	1
55861,	1
6416,	25
6418,	38
22915,	1
137492,	3
6421,	21
6422,	4
6423,	3
55684,	5
6426,	122
6427,	112
6428,	109
6429,	106
6430,	103
6431,	105
6432,	102
6433,	1
6434,	14
6435,	5
6436,	3
6439,	1
6441,	4
6442,	3
22919,	12
6444,	2
6445,	3
6446,	14
6447,	3
6449,	23
6450,	1
6452,	15
6453,	21
6455,	10
6456,	23
6457,	41
203068,	60
6461,	17
6462,	49
6464,	122
6468,	1
6469,	6
6470,	5
399687,	3
6472,	2
55692,	5
6476,	1
6477,	27
6478,	12
6480,	2
6483,	1
6484,	1
6487,	5
6491,	1
6492,	1
6493,	1
6494,	1
6495,	9
6496,	7
6497,	14
6498,	83
6499,	7
6500,	48
6502,	29
6503,	11
6504,	6
6505,	3
6506,	2
6507,	2
6508,	4
22930,	5
6510,	9
6511,	2
6513,	11
6514,	4
6515,	2
6517,	7
6519,	1
6520,	17
6521,	11
6522,	2
6523,	1
6525,	2
55701,	3
6529,	1
6531,	6
6532,	17
6535,	1
6536,	3
6539,	1
6543,	4
55704,	4
6546,	6
6547,	3
6548,	7
6549,	9
6550,	7
55705,	3
6553,	3
6557,	2
6558,	3
6559,	2
6560,	1
6566,	6
6568,	1
6569,	1
6571,	2
55709,	1
6576,	4
6580,	2
6582,	1
6583,	1
6584,	1
6585,	4
6586,	2
6588,	2
6590,	7
6594,	1
6595,	14
6596,	4
6597,	49
6598,	17
6599,	14
6601,	19
6602,	14
6603,	3
6604,	6
6605,	20
6606,	40
6607,	31
6608,	3
6609,	2
6610,	1
6611,	3
6612,	48
6613,	46
6614,	3
6615,	2
6616,	26
6617,	20
6618,	19
6619,	19
6620,	5
6621,	6
6622,	37
6623,	15
6624,	24
6625,	118
6626,	97
6627,	105
6628,	127
6629,	105
6631,	4
6632,	108
6633,	113
6634,	115
6635,	109
6636,	110
6637,	112
6638,	7
6640,	18
6641,	10
6642,	12
6643,	15
6645,	13
6647,	7
6648,	6
6649,	1
203259,	3
6652,	4
22954,	8
6654,	54
6655,	14
6656,	1
6657,	3
6658,	1
6659,	2
6660,	5
6662,	9
6663,	9
6664,	2
170506,	7
6667,	88
399884,	1
6670,	17
6671,	3
6672,	5
6674,	1
6675,	1
6676,	2
6678,	17
6683,	2
6687,	8
6688,	20
6689,	12
6690,	4
6692,	4
6693,	8
6695,	3
6696,	19
6697,	1
6700,	2
6702,	1
6707,	4
6708,	11
6709,	44
6710,	9
6711,	27
6712,	6
6714,	179
6717,	11
6720,	15
6721,	16
6722,	49
6723,	1
6726,	1
6727,	14
219541,	111
6729,	3
6730,	2
6731,	4
6732,	21
6733,	4
6734,	2
6736,	3
6737,	5
6738,	4
6741,	12
6742,	3
6744,	1
6745,	10
6746,	1
6747,	9
6748,	20
6749,	52
6750,	5
6751,	4
6752,	7
6753,	4
6754,	2
6755,	9
6757,	2
6759,	1
6760,	6
399979,	1
6764,	3
6767,	16
6768,	5
6770,	3
6772,	76
6773,	14
6774,	97
6775,	8
6776,	54
6777,	40
6778,	15
6779,	3
6780,	43
6782,	3
6783,	13
6786,	2
6788,	6
6789,	12
6790,	23
6794,	22
6795,	1
137868,	2
22978,	11
6801,	8
6804,	47
6805,	5
6809,	13
6810,	24
6811,	16
6812,	19
6813,	13
6814,	12
55749,	4
6819,	1
6820,	2
6822,	1
9829,	2
6827,	44
6829,	24
400046,	80
55752,	5
6835,	2
6836,	7
6837,	12
6839,	22
6840,	6
6843,	6
6844,	15
6845,	9
6846,	1
6847,	1
6850,	77
6853,	25
6854,	5
6855,	6
6856,	1
6857,	21
6860,	10
6861,	4
6863,	8
6865,	3
6866,	9
6867,	9
6868,	11
6869,	4
6870,	3
6871,	6
6872,	64
6873,	11
6874,	49
6875,	40
6876,	6
6877,	44
6878,	45
6879,	47
6880,	63
6881,	48
6882,	47
6883,	46
6884,	42
6885,	69
6886,	15
6887,	4
6888,	11
6890,	14
6891,	6
6892,	8
6895,	6
6897,	11
6898,	2
22995,	1
6900,	6
6901,	4
6902,	9
6904,	7
6905,	3
6907,	11
6908,	126
6909,	1
6910,	2
203522,	1
6915,	11
6917,	66
6919,	18
6921,	60
6923,	53
6924,	44
6925,	17
6926,	1
6927,	27
6928,	3
6929,	47
6934,	10
6935,	7
6936,	1
6938,	10
203547,	4
6940,	2
23002,	3
6942,	5
6943,	3
6944,	4
6945,	11
154075,	1
6949,	9
6950,	12
6953,	2
6955,	13
6964,	3
6965,	1
170463,	2
138046,	14
6988,	1
6990,	7
6992,	2
138065,	5
6996,	21
6997,	7
6999,	1
7001,	2
7003,	8
7004,	4
7005,	4
7006,	23
7008,	2
7009,	4
170850,	4
7011,	5
7013,	26
7014,	9
7015,	19
7016,	4
7018,	14
7019,	9
7020,	23
7021,	8
7022,	5
7024,	5
7025,	13
7026,	12
7027,	19
7029,	7
7030,	42
23017,	1
7032,	1
7033,	1
7035,	11
7036,	2
7037,	12
7038,	10
7039,	15
7040,	34
7041,	21
7042,	15
7043,	10
7045,	9
7046,	119
7048,	34
7049,	12
7050,	12
7051,	5
7052,	28
7053,	2
7054,	8
7056,	7
7057,	35
7058,	4
7059,	2
7064,	4
7066,	1
7067,	31
7068,	35
7069,	1
7070,	6
7071,	1
7072,	1
7073,	2
7074,	22
7075,	4
7076,	8
7077,	21
7078,	8
7079,	2
7080,	12
7082,	44
7083,	21
7086,	17
7087,	4
7088,	61
7089,	8
7090,	3
7091,	5
7094,	15
7095,	2
7096,	9
7097,	16
7098,	7
7099,	19
7100,	5
7102,	1
7105,	2
7106,	7
7108,	1
55798,	2
7110,	5
7111,	3
7112,	13
7113,	1
7114,	15
7115,	1
7118,	1
170961,	3
7122,	4
7123,	9
7124,	18
7125,	1
7126,	2
7128,	21
7130,	2
7132,	108
7133,	99
7134,	6
7135,	4
7136,	7
7137,	11
7138,	20
7139,	5
7140,	3
7143,	7
7145,	3
7148,	1
7150,	51
6653,	5
7153,	20
7155,	11
7156,	3
7157,	259
7158,	15
7159,	23
7161,	29
7162,	1
7163,	7
7164,	12
7165,	6
7166,	4
7167,	11
7168,	11
7169,	12
7170,	24
7171,	2
7173,	2
7174,	2
23041,	2
171017,	4
7178,	9
7181,	6
7182,	15
7184,	16
7185,	64
7186,	180
7187,	39
7188,	20
7189,	357
23045,	3
7200,	3
7201,	3
7203,	14
7204,	9
7205,	50
137735,	2
7216,	3
55816,	6
7220,	11
7222,	18
7223,	8
7224,	7
7225,	7
7226,	2
7227,	1
55819,	3
138311,	1
6668,	1
7247,	11
7248,	15
7249,	22
7251,	30
7252,	2
7253,	20
7257,	10
7258,	1
7259,	1
7260,	7
7263,	2
7265,	8
7266,	11
7267,	1
7268,	1
7270,	6
7272,	3
7273,	23
7275,	9
7276,	19
7277,	49
7278,	39
7283,	20
7284,	12
7286,	1
7288,	2
7290,	10
7291,	8
7292,	2
7293,	7
7294,	8
7295,	33
7296,	7
7297,	28
7298,	5
7299,	1
7301,	6
7305,	12
7306,	2
7307,	104
7311,	192
7314,	72
7316,	10
7317,	9
7318,	2
7319,	7
7320,	6
7321,	10
7322,	12
7323,	18
7324,	11
7325,	4
7326,	5
7327,	9
7328,	3
7329,	105
23067,	1
7332,	22
400550,	2
7335,	3
7336,	8
7337,	26
7341,	90
7342,	1
7343,	37
7345,	16
7347,	3
7348,	2
7349,	3
7350,	2
7351,	4
7352,	4
400569,	3
7355,	2
7356,	4
7357,	2
7358,	2
7359,	3
7360,	7
23072,	4
7364,	1
7369,	2
7371,	3
7372,	11
7373,	2
7374,	2
7375,	5
7376,	6
7378,	5
23075,	3
7380,	1
7381,	2
7384,	8
55844,	1
7386,	2
400604,	108
7389,	1
7390,	2
55845,	4
7392,	21
84263,	1
23078,	1
7398,	2
7399,	2
7402,	15
7403,	2
7404,	2
7407,	11
7408,	23
7409,	59
7410,	15
7411,	7
7412,	11
7414,	23
7415,	35
7416,	34
7417,	6
7419,	7
7421,	26
7422,	15
7423,	4
7424,	4
400642,	7
7428,	198
7429,	6
7430,	54
7431,	120
7432,	6
7433,	12
7434,	2
7436,	7
7439,	1
7441,	3
7442,	4
7443,	1
7444,	1
23086,	2
400662,	4
7447,	6
7448,	23
7450,	18
7453,	3
7454,	36
7456,	9
7458,	112
7461,	2
7462,	7
7464,	3
7465,	30
7466,	2
7469,	40
7471,	8
7472,	4
7473,	1
7474,	3
7475,	1
7476,	3
7477,	2
55860,	1
7486,	20
203317,	4
7490,	13
7494,	3
7498,	5
7504,	3
7507,	30
7508,	25
7511,	4
7514,	48
7515,	13
7516,	1
7517,	3
7518,	16
7520,	34
55867,	2
7525,	27
7528,	24
7529,	163
7531,	71
7532,	296
7533,	54
7534,	136
7535,	48
7536,	14
7538,	18
7541,	1
7542,	1
7545,	3
7546,	3
7547,	1
171392,	2
7553,	3
7554,	16
7555,	39
7556,	3
7558,	1
94103,	1
7565,	1
7568,	2
7572,	22
7579,	1
7581,	2
7582,	1
7589,	1
7592,	1
7593,	4
7597,	6
6728,	5
7625,	2
7629,	5
7644,	1
55890,	3
55894,	2
7695,	1
7701,	1
7702,	19
7703,	2
7704,	85
7706,	4
7707,	4
7709,	15
7718,	12
7726,	1
170589,	1
171568,	26
170591,	1
171582,	3
7746,	1
7750,	6
55905,	1
7753,	2
7755,	5
55906,	1
7763,	6
7773,	1
7775,	1
7781,	2
7783,	2
7784,	3
7786,	12
7791,	15
55907,	1
7798,	1
7799,	3
7802,	4
7803,	3
7804,	9
7805,	21
401022,	1
7812,	4
7813,	2
7818,	12
7827,	4
7832,	11
285708,	1
7840,	1
23152,	10
7846,	23
7849,	5
7850,	4
7851,	3
7852,	28
23154,	5
7855,	5
7857,	1
204474,	1
7867,	6
7869,	4
7871,	1
7873,	1
7874,	49
7879,	15
7881,	2
401098,	8
7884,	32
401103,	3
23161,	1
7903,	2
7905,	1
219771,	1
7913,	9
7915,	1
7916,	25
7917,	57
7918,	1
7919,	21
7920,	17
7922,	2
401145,	1
7936,	43
7940,	4
7941,	1
7942,	3
1325,	7
7957,	2
7965,	16
7975,	9
7976,	3
7978,	2
7979,	3
7980,	5
7982,	1
401207,	3
7994,	4
8013,	2
8019,	1
8021,	33
8022,	6
8027,	8
8028,	7
8029,	7
8030,	2
8031,	7
139105,	1
8036,	5
8038,	13
8045,	2
8048,	7
8050,	12
8061,	6
23189,	1
8065,	14
8073,	7
8074,	2
8076,	2
8078,	5
8079,	8
8082,	1
8085,	7
8086,	21
8087,	12
8089,	12
8091,	6
8092,	4
8099,	7
8100,	3
23196,	1
8106,	100
8115,	5
8120,	5
6815,	1
8125,	15
8128,	1
121504,	15
8139,	3
8140,	1
121506,	1
55971,	1
8148,	12
8153,	5
8161,	55
8165,	8
8174,	4
8175,	97
121512,	1
8178,	47
8187,	1
8189,	6
8190,	1
8192,	6
8193,	1
8195,	4
8200,	8
8202,	42
8204,	27
8208,	10
8209,	1
8218,	5
8220,	1
8224,	3
8227,	5
6833,	4
8233,	4
8237,	4
8239,	6
8241,	7
8243,	120
139324,	1
8260,	7
8263,	2
8266,	1
170680,	1
8287,	1
401504,	1
8289,	8
8290,	30
8291,	4
8292,	3
8295,	17
8301,	8
8302,	6
170685,	1
8310,	1
8312,	33
8313,	6
8314,	1
8315,	7
8317,	34
8318,	33
8321,	6
8322,	6
8323,	1
8324,	6
8325,	3
8326,	4
8328,	75
8331,	1
8332,	4
8334,	1
8335,	1
8337,	2
8338,	3
8339,	3
8341,	1
219844,	1
8348,	13
8349,	22
8350,	6
285381,	2
8352,	5
8353,	4
8355,	1
8357,	1
8359,	4
8361,	8
8370,	11
23241,	1
8379,	21
8382,	2
8390,	1
8394,	10
8395,	2
8396,	5
8399,	1
8402,	4
8404,	3
8405,	15
8407,	13
8408,	4
8409,	5
8411,	11
8412,	38
8416,	1
8417,	11
8419,	1
8424,	1
8425,	4
8428,	26
8431,	12
8434,	1
8436,	3
8438,	1
8439,	3
8440,	35
8443,	2
8445,	3
8446,	3
8447,	3
8448,	3
8449,	2
8450,	22
8451,	24
8452,	8
8453,	19
8454,	35
8458,	17
400087,	1
8460,	1
8462,	4
8463,	2
8464,	3
8467,	12
8468,	2
8470,	15
8471,	20
8473,	17
139547,	1
8476,	6
8479,	5
8480,	25
8481,	5
8482,	1
8487,	22
8490,	4
8491,	2
8493,	3
8495,	6
8496,	9
8497,	4
8498,	5
8499,	12
8500,	19
8502,	8
8503,	12
8504,	3
8505,	2
8506,	6
8507,	2
8508,	4
8513,	1
8514,	3
8515,	1
8516,	4
8517,	144
8518,	28
8519,	4
8520,	1
8521,	5
8522,	9
139596,	1
8525,	17
8526,	5
8527,	5
8528,	1
8530,	2
8531,	4
8533,	19
8534,	1
8535,	10
8536,	10
8537,	3
8538,	1
8539,	2
8540,	1
8541,	12
8542,	1
8543,	17
8544,	2
8545,	1
8546,	10
8547,	1
8548,	2
8550,	16
8553,	9
8554,	44
8555,	3
8556,	2
8557,	7
8558,	1
8559,	1
8560,	12
8562,	1
8563,	1
8565,	9
8566,	2
8567,	8
8569,	10
8570,	5
8572,	5
8573,	34
8574,	3
8575,	12
8576,	21
8578,	2
137964,	1
8600,	11
8601,	15
8603,	1
8604,	4
8605,	1
8607,	62
8611,	7
8612,	8
8613,	9
8614,	11
8615,	17
8618,	6
8620,	3
8621,	3
8623,	2
8625,	16
8626,	11
8631,	7
8633,	2
8634,	21
8636,	2
8637,	2
8638,	2
8639,	1
8642,	1
8643,	4
8644,	6
8646,	3
8647,	1
8648,	57
8649,	8
8650,	14
8651,	33
8653,	1
8654,	2
8655,	76
8658,	12
8660,	46
8661,	120
8662,	112
8663,	113
8664,	117
8665,	127
8666,	116
8667,	121
8668,	116
8669,	119
8671,	4
8672,	6
8673,	10
8674,	6
8675,	6
8676,	11
8678,	5
8681,	1
8682,	17
8683,	102
8685,	2
8687,	1
8688,	2
8689,	4
8692,	1
8693,	1
8694,	4
8697,	5
8698,	3
8703,	3
8705,	1
8711,	1
8715,	5
8717,	56
8718,	7
8720,	4
8721,	16
8722,	1
8723,	10
8724,	7
8725,	6
8726,	20
8727,	3
8728,	4
8729,	6
8731,	2
8732,	27
8733,	11
8735,	1
8736,	2
8737,	42
8738,	8
8739,	6
8740,	4
8741,	10
8742,	3
8743,	13
8744,	3
8745,	1
8751,	13
8754,	8
8761,	18
8764,	61
8766,	23
8767,	61
8771,	3
8772,	41
8773,	27
8774,	2
8775,	16
8777,	13
8778,	2
8780,	8
8784,	4
8785,	3
8786,	1
8787,	3
8788,	2
8789,	5
1465,	2
8792,	12
8793,	45
8794,	7
8795,	13
8796,	1
50618,	11
8799,	1
8800,	1
8801,	10
8802,	11
8803,	10
8804,	6
8805,	27
8807,	2
8808,	1
8809,	4
8811,	2
8812,	22
8813,	11
8815,	5
8817,	4
8818,	10
8819,	21
8820,	2
8822,	4
8825,	11
8826,	24
8828,	7
8829,	16
8831,	13
8832,	3
8833,	9
8834,	4
8835,	7
8836,	1
8837,	34
8839,	2
8840,	3
8841,	63
8844,	2
83394,	1
8848,	101
8850,	52
8851,	18
8852,	5
8853,	12
8856,	7
8858,	5
8859,	6
8861,	14
8862,	1
8863,	9
8864,	8
8867,	17
8870,	2
8871,	6
8874,	17
8875,	1
8877,	5
8878,	30
8879,	1
8880,	13
8881,	8
8882,	4
8883,	6
8886,	4
8887,	7
8888,	9
8890,	60
8891,	64
8892,	62
8893,	66
8894,	125
8895,	1
8897,	3
8898,	3
8899,	6
8900,	41
8904,	14
8905,	4
8906,	6
8907,	20
8908,	9
8910,	1
8912,	2
8913,	1
8914,	3
8915,	22
8916,	1
8924,	2
8925,	3
8926,	18
8928,	6
8930,	6
8932,	13
8933,	1
8934,	1
8935,	7
8936,	17
8937,	1
8938,	1
8939,	1
8940,	12
8941,	4
8942,	1
8943,	8
8945,	25
8968,	10
8970,	1
8971,	1
8972,	1
8974,	3
8975,	11
8976,	19
8985,	6
8986,	8
8987,	1
8988,	18
8991,	6
8992,	1
8994,	2
8995,	1
8996,	15
8997,	8
8999,	1
9001,	60
9002,	6
9013,	7
9014,	8
9015,	7
9019,	3
9020,	35
9021,	23
9022,	2
9024,	3
9025,	7
9026,	7
9031,	9
9033,	2
9034,	1
9039,	4
9040,	17
9043,	8
9044,	2
9045,	115
9046,	19
9047,	5
9048,	2
9049,	6
9050,	4
9051,	38
9053,	1
9055,	5
9056,	1
9060,	1
9061,	3
9063,	16
9064,	1
9066,	7
9068,	3
9069,	1
9070,	14
9073,	1
9074,	1
9075,	4
9076,	11
9079,	4
9083,	2
9085,	2
9086,	3
9087,	2
9088,	15
9091,	7
9092,	4
9093,	24
9094,	86
9095,	1
9097,	1
9098,	1
9099,	7
9100,	1
9101,	12
9107,	2
9108,	1
9110,	3
9111,	23
9112,	14
9113,	5
9114,	1
9118,	4
9123,	1
9124,	11
9125,	1
9126,	24
9127,	1
9128,	99
9129,	8
9131,	24
9132,	1
9133,	11
9134,	10
9135,	16
23368,	8
9138,	11
9139,	13
9140,	43
9141,	13
9146,	42
9149,	10
9150,	51
9156,	5
9158,	11
9159,	6
9166,	2
9167,	1
9168,	1
9169,	8
9170,	4
9172,	3
9173,	6
9175,	4
9179,	4
9180,	4
9181,	9
9182,	1
9183,	16
9184,	8
23376,	5
9187,	2
9188,	19
9189,	12
6993,	10
9204,	1
9205,	2
9208,	1
9209,	3
9210,	3
9212,	15
9217,	3
9218,	6
9219,	7
9220,	3
9221,	14
9223,	15
9227,	2
9228,	7
9229,	14
9230,	9
9231,	8
9232,	7
9235,	1
9238,	5
9240,	11
9241,	4
9242,	5
9244,	2
9246,	9
9252,	21
9253,	4
9255,	10
9256,	1
9260,	24
9261,	24
9262,	2
9263,	1
9265,	3
9266,	15
9267,	8
9270,	5
9271,	1
9276,	21
9278,	2
9282,	10
7010,	24
9294,	3
9295,	101
9296,	1
9306,	13
203260,	1
9311,	10
9312,	1
9313,	1
9314,	4
9315,	1
9318,	22
9319,	46
9320,	8
9321,	4
9322,	10
9325,	15
9326,	3
9328,	20
9329,	22
9330,	23
9332,	4
9337,	6
9338,	2
9340,	2
9341,	14
9342,	13
9343,	111
9344,	7
9349,	125
9350,	1
9351,	23
9352,	2
9353,	4
9354,	2
9355,	3
9356,	1
9360,	6
9361,	2
9362,	2
9363,	3
9367,	6
9368,	36
9369,	3
9370,	2
9371,	6
9372,	34
9373,	2
9375,	2
9377,	5
9378,	26
9379,	6
9380,	1
9382,	2
140459,	1
9388,	1
140461,	1
140462,	2
9391,	48
9392,	9
140465,	1
140469,	1
9398,	4
9400,	16
9401,	1
9402,	27
9403,	3
9404,	9
9406,	10
9409,	2
9410,	18
9411,	3
9412,	14
9413,	2
9414,	13
9416,	98
9419,	6
9421,	12
9423,	4
9425,	2
9436,	1
9437,	3
9439,	13
9440,	11
9441,	61
9442,	8
9443,	10
9444,	21
9445,	2
9446,	6
9448,	16
9450,	1
9451,	9
9454,	7
9455,	5
9456,	19
9457,	9
9459,	15
9462,	3
9463,	32
9464,	14
9465,	2
9466,	4
9467,	9
9468,	2
9470,	8
9472,	4
140545,	1
9474,	50
9475,	4
9477,	7
9478,	5
9479,	15
9482,	13
9487,	6
9489,	2
9491,	60
9493,	7
9495,	13
9496,	1
9497,	3
9498,	3
9499,	5
9500,	53
9501,	10
9502,	1
140576,	1
9507,	8
9510,	5
9512,	3
9513,	57
9514,	1
9516,	4
9517,	2
9518,	1
9519,	13
9520,	8
9521,	4
9522,	8
9525,	3
9526,	6
9527,	5
9529,	3
9530,	5
9531,	8
9532,	23
9533,	23
9535,	1
9536,	2
140609,	2
9540,	4
9541,	10
9542,	2
9543,	1
9545,	6
9546,	2
9550,	2
9551,	36
9552,	1
9554,	1
9555,	1
140628,	2
9559,	2
9562,	1
9564,	47
9567,	1
9568,	5
9569,	4
9570,	3
9572,	4
9575,	3
9576,	1
9577,	2
9578,	6
9580,	2
9581,	1
9584,	10
9585,	4
9586,	3
9587,	11
9588,	3
9589,	2
9590,	4
9595,	1
9600,	4
9601,	6
9603,	1
9604,	6
9610,	9
9611,	48
9612,	56
9615,	5
9616,	8
9618,	24
140691,	3
9620,	1
9622,	1
9623,	3
9627,	11
9628,	3
9630,	7
9631,	30
9632,	2
140706,	1
9635,	1
9636,	3
9637,	4
9638,	50
9640,	2
9641,	322
9643,	11
9644,	1
9645,	1
9646,	3
9647,	7
9648,	1
9649,	2
9650,	1
9652,	1
9655,	2
9656,	16
9657,	1
9659,	4
9662,	2
140735,	12
9666,	4
140739,	1
9669,	108
9670,	7
9672,	11
9675,	1
9682,	1
9685,	7
9686,	2
9688,	37
9689,	7
9690,	2
9693,	1
9694,	3
9695,	2
9696,	1
9697,	6
9698,	2
9699,	11
9701,	2
9702,	3
9704,	1
9706,	7
252839,	1
9709,	7
9711,	1
9712,	5
23237,	1
9721,	9
9722,	8
9726,	4
9727,	8
9728,	2
9729,	19
140803,	1
9733,	6
9734,	14
9735,	2
9737,	4
9738,	1
9739,	1
9741,	1
9742,	1
9743,	22
9744,	3
9746,	1
9747,	3
9748,	3
9751,	1
140825,	1
9755,	1
9757,	5
9758,	1
9759,	37
9761,	3
51608,	18
9765,	4
9769,	1
9770,	2
9771,	4
220082,	4
9774,	7
9775,	11
9778,	1
9779,	3
9781,	1
9782,	11
121441,	1
9784,	6
9785,	97
9787,	3
9788,	3
9789,	3
9792,	4
9793,	4
9794,	8
9796,	25
9798,	2
9801,	1
9802,	44
9804,	15
9806,	3
9807,	1
9808,	3
9810,	5
140885,	6
9814,	4
9815,	9
9816,	2
9817,	4
140890,	52
9820,	5
9821,	9
9823,	2
9825,	3
9826,	11
9828,	1
140901,	6
9832,	1
56252,	5
9839,	5
9841,	1
9842,	7
9844,	5
9846,	23
9847,	1
9849,	1
9852,	1
9853,	5
9855,	2
9856,	3
9857,	1
9858,	3
9859,	3
9861,	70
9862,	9
9863,	14
9867,	2
9868,	2
9869,	90
9871,	5
9873,	3
9874,	8
56259,	2
9877,	1
9878,	3
9882,	13
9883,	35
9887,	2
9890,	2
9891,	7
9892,	7
9894,	4
9898,	4
9899,	1
9900,	1
9901,	4
9902,	1
9904,	1
9905,	15
9907,	1
9908,	4
9911,	2
9912,	1
9913,	1
9915,	6
170954,	1
9918,	3
9919,	2
9921,	7
56267,	1
9924,	3
9925,	2
9928,	2
9931,	1
9933,	1
403150,	4
9935,	1
9937,	1
9939,	106
9943,	8
9947,	7
9948,	4
9950,	3
9958,	8
9961,	4
9962,	2
9965,	1
9966,	2
9967,	9
9968,	12
9969,	8
9970,	7
9971,	5
9972,	35
9973,	4
9975,	2
9978,	18
9982,	6
9984,	1
9985,	7
9987,	2
9988,	1
9989,	3
9991,	1
9992,	2
9993,	1
9994,	5
9997,	1
10000,	4
10001,	11
10002,	3
22980,	2
10006,	21
10007,	3
10009,	3
10010,	30
10011,	1
10013,	17
10014,	31
10015,	23
10016,	18
10017,	7
10018,	13
10019,	5
10021,	1
10023,	2
10024,	2
10025,	5
10026,	8
10036,	12
10038,	6
10039,	3
10040,	22
10042,	1
10043,	4
10044,	6
10045,	3
10048,	25
10049,	6
10051,	11
10052,	2
10053,	10
10054,	12
10055,	10
10059,	5
10060,	5
10062,	6
10063,	12
10066,	5
10067,	1
10068,	2
10069,	2
10072,	2
10073,	8
10075,	6
10076,	7
10078,	2
10081,	4
10083,	6
10084,	12
10085,	1
10087,	7
10092,	7
10093,	13
10094,	16
10095,	8
10096,	16
10097,	17
10099,	1
10101,	3
10102,	1
10105,	2
10107,	1
10109,	7
10110,	1
10111,	13
10112,	3
10114,	26
10116,	4
10120,	3
10121,	7
10123,	1
10124,	1
10125,	4
10126,	2
10127,	9
10128,	25
10130,	8
10131,	10
56302,	2
10134,	21
10137,	2
10138,	3
10139,	2
10140,	12
10142,	20
10146,	7
10147,	1
10148,	6
10152,	13
10153,	4
10154,	1
10155,	34
10156,	4
10157,	1
10158,	3
10159,	1
10160,	1
10163,	16
10164,	1
10166,	3
10168,	5
10169,	8
10174,	18
10178,	1
10179,	6
10181,	96
337867,	2
10188,	21
10189,	108
10190,	8
10193,	3
10196,	1
10197,	76
10199,	3
10200,	25
10203,	5
10204,	9
10207,	14
10209,	2
10210,	8
10211,	7
10212,	5
10213,	53
10214,	1
10215,	1
10217,	1
10218,	1
10219,	1
10220,	1
10221,	4
10224,	1
10226,	6
10228,	11
10231,	1
10232,	1
10233,	1
10235,	5
10236,	103
10238,	4
10239,	3
10240,	1
10241,	53
10243,	7
10244,	2
10245,	1
10247,	2
10248,	8
10249,	3
10250,	6
10252,	2
10253,	13
10254,	14
10256,	14
10260,	3
10262,	104
10263,	2
10266,	4
10267,	5
10268,	6
10269,	1
10270,	9
10272,	4
10273,	22
10274,	12
10276,	1
10277,	5
10278,	7
10280,	2
10282,	2
7175,	24
10284,	33
10285,	29
10286,	6
10287,	14
10288,	7
10289,	152
10291,	108
337972,	2
10293,	5
10294,	5
7177,	1
10296,	1
10297,	4
10298,	12
10300,	2
10301,	10
10302,	23
10307,	3
10309,	5
10313,	12
10314,	1
10316,	3
10318,	10
10320,	16
10321,	1
10325,	3
10326,	2
10327,	1
10328,	2
10330,	5
10332,	2
10333,	3
10335,	2
10342,	16
10344,	2
10345,	4
10346,	3
55716,	2
10360,	1
10362,	7
10363,	9
10365,	2
10369,	4
10370,	7
10371,	2
10376,	13
10379,	3
10380,	2
10381,	8
10382,	50
10383,	7
10390,	1
10391,	3
10392,	10
10393,	4
10397,	63
10398,	1
10399,	60
10401,	24
10403,	22
10406,	1
10409,	1
10411,	1
10413,	15
10418,	1
10419,	20
10420,	3
10421,	110
10422,	13
10423,	2
10424,	1
10425,	24
10426,	4
10427,	1
10428,	3
149194,	1
10430,	4
10431,	7
10432,	6
10434,	4
10435,	3
10436,	8
10438,	6
10439,	1
10440,	4
10445,	37
10449,	1
10450,	4
10451,	14
10452,	2
10454,	31
10456,	16
10457,	1
10458,	18
10459,	9
10460,	3
10461,	6
10465,	3
10466,	3
10467,	10
10468,	5
10469,	4
10471,	3
10472,	2
10474,	18
10475,	1
10476,	18
10477,	10
10478,	1
10479,	1
10480,	11
10481,	1
10482,	59
10483,	3
10484,	9
10485,	1
10486,	4
10487,	5
10488,	11
10489,	4
10490,	4
10492,	26
10494,	4
10495,	2
10497,	9
10498,	10
10499,	46
10505,	2
10507,	4
10509,	1
10513,	20
10514,	10
10516,	6
10518,	1
10519,	14
10520,	1
10521,	16
10522,	2
10524,	84
10525,	10
10526,	7
10527,	13
10528,	3
10529,	4
10533,	6
10534,	28
10537,	3
10538,	8
10539,	17
10540,	10
10541,	3
10542,	11
10544,	2
10549,	4
10550,	4
10551,	7
10552,	2
10553,	1
10554,	7
10555,	4
10556,	6
10557,	8
10558,	5
10562,	1
10563,	8
10564,	5
10565,	4
10566,	7
10567,	34
10569,	2
10570,	2
10571,	4
10572,	4
10573,	2
10574,	11
10575,	9
10576,	6
10577,	1
10579,	9
10580,	14
10581,	2
10585,	1
10587,	3
10588,	1
10589,	15
10590,	1
10591,	2
10592,	7
10594,	4
10598,	12
10600,	2
10602,	4
10603,	13
10605,	4
10606,	22
10607,	7
10608,	5
10610,	1
10611,	9
10612,	4
10613,	1
10614,	5
10615,	7
10616,	1
10617,	22
10618,	9
10620,	1
10621,	33
10623,	1
10625,	5
10626,	1
10628,	8
10629,	2
10630,	1
10632,	23
10635,	1
10636,	8
83693,	1
10640,	3
10641,	2
10642,	12
10644,	1
10645,	4
10647,	1
10648,	1
10651,	1
10652,	2
10653,	3
10654,	7
10656,	19
10657,	42
10658,	5
10659,	3
10661,	6
10663,	1
10664,	9
10666,	4
10670,	5
10672,	30
10673,	5
10675,	1
10677,	1
10678,	1
10681,	17
10682,	1
10686,	1
10687,	1
10691,	12
10694,	5
10713,	1
10714,	39
10716,	3
10717,	4
10718,	1
10724,	2
10725,	2
10726,	18
10728,	24
10730,	1
10733,	7
10735,	10
10736,	2
10741,	4
10742,	3
10743,	3
10746,	12
10747,	4
10748,	1
10749,	8
10750,	11
10755,	25
10758,	12
10762,	26
10763,	3
10765,	3
10766,	3
10768,	1
10769,	4
10771,	8
10772,	6
10773,	2
10775,	8
10783,	46
10785,	1
10787,	11
10788,	10
10799,	6
10801,	6
10802,	1
10803,	1
10804,	1
10806,	1
10807,	4
10808,	13
10810,	4
10811,	5
10813,	39
10814,	2
10815,	2
10817,	10
10818,	20
10825,	2
374618,	1
10842,	2
10844,	2
10845,	5
10846,	2
10847,	9
10848,	5
10849,	5
10850,	2
10855,	1
10856,	65
10857,	18
10859,	6
54918,	1
10863,	1
10865,	1
10868,	1
10870,	2
132884,	1
10874,	2
10877,	2
10878,	1
10879,	1
10881,	1
10885,	1
10886,	3
10890,	10
10891,	19
10892,	6
10893,	1
10897,	1
10898,	3
10900,	7
10902,	6
10903,	1
10905,	1
10906,	1
10907,	97
10910,	5
10911,	2
10912,	35
10913,	7
10914,	99
10915,	26
10916,	2
10919,	16
10920,	12
10921,	12
10922,	4
10923,	14
10924,	1
10926,	7
10927,	1
10928,	13
10929,	1
10930,	1
10933,	5
10935,	6
10938,	4
10939,	2
10940,	10
10944,	4
10945,	8
10946,	98
10949,	99
10950,	3
10951,	22
10952,	6
10953,	7
10954,	1
10955,	9
10956,	7
10957,	1
10959,	10
10961,	6
10963,	7
10965,	1
10969,	3
10970,	3
10971,	99
10972,	5
10973,	4
10978,	97
10979,	1
10980,	76
10981,	2
10982,	6
10983,	1
10985,	13
10987,	29
10988,	7
10989,	42
10991,	1
10992,	103
10994,	1
10998,	1
10999,	1
11004,	2
11005,	1
11006,	3
11007,	135
11009,	1
11011,	7
338692,	1
11014,	1
11016,	7
11018,	2
11020,	1
11021,	8
11026,	1
11030,	50
11031,	1
11033,	17
11034,	10
11035,	4
11036,	6
11040,	8
11043,	7
11045,	2
11047,	4
11051,	26
11052,	13
11054,	1
11055,	1
11056,	3
11059,	21
11060,	21
11061,	1
11063,	3
11064,	1
11065,	3
11067,	7
11069,	3
11072,	1
11073,	12
11074,	4
11075,	10
11076,	2
11077,	1
11078,	1
11079,	3
11080,	2
11082,	1
11083,	5
11091,	14
11092,	2
11093,	1
11096,	2
11097,	1
11098,	25
11099,	4
11100,	16
11101,	1
11102,	11
11103,	1
11104,	4
11108,	1
11112,	2
11113,	6
11117,	4
11122,	1
11123,	1
11124,	12
11127,	102
11128,	26
11129,	4
11130,	10
11133,	2
11135,	8
11137,	1
11138,	1
11140,	41
11141,	2
11142,	4
11143,	34
11144,	4
11145,	2
11146,	4
11147,	1
11151,	5
11153,	1
11155,	4
11156,	99
11157,	10
11158,	1
11161,	52
11164,	10
11165,	6
11168,	4
11170,	23
11171,	27
11172,	1
11176,	4
11177,	5
11178,	5
11179,	3
11180,	2
11183,	7
11184,	20
11186,	18
11187,	5
11188,	3
23710,	3
11190,	4
11193,	2
11194,	3
285855,	2
11196,	2
11198,	7
11200,	21
11201,	5
11213,	6
11214,	17
11215,	5
11216,	5
11217,	1
11218,	34
11219,	3
11221,	5
11224,	122
11226,	1
11227,	2
11228,	3
11230,	3
11231,	8
11232,	1
11234,	2
11235,	4
11236,	2
7334,	13
11243,	13
11244,	40
11248,	1
11249,	1
11252,	4
11257,	2
11258,	3
11260,	10
11261,	11
11262,	1
404093,	1
11264,	1
11266,	4
11267,	6
11269,	11
11272,	1
11273,	6
11274,	2
11275,	1
11276,	7
11277,	9
11278,	2
11279,	2
11282,	1
11283,	1
11284,	19
11311,	4
11313,	3
11315,	7
11316,	6
11319,	1
11321,	3
11325,	1
11326,	1
11329,	7
11330,	3
11331,	39
11332,	1
11333,	3
11334,	4
11335,	15
11336,	2
11337,	20
11338,	121
11339,	2
11340,	23
11343,	3
11344,	12
11345,	54
11346,	1
7353,	1
154810,	1
138429,	2
404636,	2
404665,	1
404672,	3
149371,	12
7379,	1
404734,	1
339201,	1
7385,	4
339230,	2
7391,	6
51083,	3
286262,	1
83853,	1
56547,	3
142678,	1
142679,	3
56034,	2
142685,	2
339298,	1
138474,	2
339344,	3
51103,	2
339390,	1
339403,	2
51106,	3
83875,	1
339448,	4
339451,	1
51124,	2
51127,	1
83900,	2
503542,	1
83932,	1
149473,	1
143187,	1
143241,	5
51187,	3
56652,	3
339965,	5
143379,	1
143425,	7
165904,	1
51222,	1
83992,	1
165918,	3
340205,	3
340273,	1
143684,	2
143689,	1
121536,	5
219738,	1
340357,	88
84034,	1
373156,	87
340390,	1
22974,	3
51289,	1
340512,	14
116828,	4
51297,	1
149603,	1
116840,	2
116844,	1
51311,	2
340706,	1
340719,	3
285220,	2
144165,	2
51337,	1
84108,	4
144245,	1
84133,	1
340990,	1
51373,	1
149684,	1
144455,	2
51384,	1
84154,	1
78986,	1
78987,	10
78988,	1
78990,	1
78992,	1
78994,	1
79001,	9
79002,	1
79003,	9
79004,	1
79005,	2
79009,	4
79012,	1
149703,	5
79020,	5
79023,	22
79025,	4
79026,	3
79027,	9
79033,	1
79034,	1
79036,	29
79039,	5
79042,	1
79047,	4
79048,	2
79050,	12
79065,	1
79073,	1
79075,	2
79077,	6
79080,	1
79081,	1
79083,	3
79084,	10
79085,	1
79088,	9
79090,	5
79092,	2
79094,	1
79095,	1
79096,	6
79098,	1
79101,	3
79109,	2
399806,	2
7727,	4
79132,	1
79137,	2
79139,	6
79142,	2
79152,	1
79155,	11
79156,	2
79158,	1
79159,	6
79165,	1
79169,	3
79171,	4
79172,	3
79173,	12
79174,	3
144715,	6
79184,	3
79187,	4
79188,	2
79230,	1
79269,	1
164127,	10
56905,	1
24138,	1
56907,	1
51447,	1
116986,	5
84219,	1
144871,	2
84223,	1
79363,	1
23374,	1
79365,	1
79369,	1
79370,	2
374291,	3
144920,	1
56925,	6
56926,	5
9191,	12
79444,	6
79446,	1
79465,	1
153222,	1
133396,	2
51477,	3
374443,	5
439990,	1
79568,	2
79571,	11
79576,	5
79577,	4
440026,	1
79582,	1
79586,	5
79589,	2
79590,	1
79594,	1
79595,	2
79602,	1
79607,	1
79613,	2
440068,	4
79623,	3
79624,	5
145165,	1
112398,	3
112399,	2
112401,	1
79637,	2
79640,	1
79641,	3
79643,	8
84272,	1
79650,	1
79656,	6
79657,	1
79658,	2
79659,	1
79660,	1
79661,	1
79663,	1
79666,	21
440117,	2
79673,	1
79674,	3
79676,	2
79677,	2
79679,	1
79682,	1
79684,	1
79685,	1
79686,	4
440137,	19
440138,	1
79693,	1
79695,	3
79696,	4
51513,	1
79705,	5
79706,	2
112476,	1
79710,	1
79711,	9
112483,	2
79717,	1
79718,	9
79719,	2
79720,	1
145258,	4
79723,	3
79724,	1
84285,	1
131408,	1
79734,	10
79735,	13
79736,	1
374649,	1
374650,	1
374659,	1
79751,	4
79753,	30
79754,	5
79760,	8
92840,	1
79763,	2
79768,	3
202333,	4
79780,	1
79784,	3
84295,	1
79796,	1
79797,	25
79800,	2
79801,	3
79803,	5
51530,	1
112574,	2
79811,	2
79813,	1
7841,	1
440264,	2
79817,	2
440275,	1
112597,	10
79831,	1
79833,	7
79837,	1
79840,	3
79842,	1
79843,	5
79849,	2
79850,	2
79856,	1
79858,	2
79866,	2
79868,	3
79869,	8
79870,	1
79871,	2
79872,	1
79873,	32
79876,	2
79879,	1
79882,	2
440331,	16
79885,	4
79886,	3
79890,	3
79892,	1
79893,	1
51545,	9
79897,	4
79902,	5
84315,	1
89777,	1
79912,	1
79913,	8
79930,	7
79937,	1
79939,	4
79947,	3
79948,	2
79953,	1
79959,	8
79960,	2
374875,	1
79968,	2
112744,	1
79977,	1
79980,	8
79987,	5
79991,	1
84330,	1
80007,	2
84332,	1
80010,	4
80013,	1
80014,	1
80018,	1
80019,	1
80021,	7
80022,	6
80023,	2
84335,	5
80028,	4
80031,	1
84337,	3
80063,	3
112840,	3
7031,	5
80086,	2
112858,	4
80097,	1
112869,	3
440552,	10
80108,	1
80124,	2
80125,	21
80126,	1
145663,	15
80128,	1
80142,	2
80143,	1
80145,	4
80146,	1
80149,	3
80152,	4
80153,	11
80155,	6
112939,	2
80174,	4
80176,	2
80178,	1
112950,	33
80196,	1
80198,	3
80199,	1
80204,	12
80205,	4
80212,	1
80215,	1
80218,	2
80223,	2
440673,	1
80227,	19
80228,	5
80230,	3
80232,	5
80237,	1
145781,	16
80254,	14
80256,	1
113026,	1
80262,	2
80273,	4
80274,	3
80279,	21
80303,	3
80304,	5
80306,	15
80308,	3
80309,	2
80310,	1
80314,	6
80316,	1
80318,	5
80319,	1
80321,	17
113091,	2
80325,	2
80329,	2
80331,	3
80332,	1
80333,	4
80335,	2
80342,	2
80345,	2
80347,	3
80349,	4
51621,	3
113130,	1
342510,	1
408050,	2
113174,	2
145957,	1
342574,	4
440915,	1
284191,	1
286480,	2
89874,	1
113263,	1
146059,	5
253725,	1
375484,	1
220972,	1
51676,	2
84446,	3
80705,	1
7991,	1
80723,	2
80725,	2
80726,	5
80731,	1
80739,	2
51686,	1
259217,	2
80746,	1
80761,	1
80762,	1
80764,	8
375686,	1
80781,	7
84461,	1
80790,	1
89927,	1
80817,	6
155465,	2
80824,	8
80829,	1
150005,	1
80851,	3
80852,	1
80854,	4
80856,	1
375790,	3
117246,	2
113655,	2
80895,	1
146433,	1
113675,	2
81027,	1
81029,	2
81035,	1
29890,	1
84515,	3
113878,	16
81137,	10
474354,	1
146691,	2
146712,	1
84527,	1
51760,	5
146722,	2
6651,	5
146760,	1
29925,	2
114034,	12
114049,	1
29931,	1
146849,	1
114088,	7
81341,	1
376267,	2
114131,	3
114132,	2
146956,	1
84572,	1
147004,	1
147011,	1
81488,	3
81493,	2
81494,	1
81502,	1
81532,	2
81542,	1
81551,	2
81552,	16
81555,	1
81559,	4
81565,	26
81566,	1
81570,	2
81572,	1
81576,	7
2674,	2
81603,	2
81605,	3
81607,	2
81608,	2
81617,	1
81618,	5
81620,	66
81624,	1
81628,	33
81631,	9
147179,	4
81669,	5
81693,	1
81704,	5
81706,	1
128312,	2
66008,	2
114548,	2
81786,	2
81788,	2
81793,	11
114569,	3
147339,	1
147343,	1
81839,	4
114609,	15
81844,	1
81847,	1
81848,	3
81854,	1
81855,	1
81857,	11
81858,	2
245711,	1
81873,	2
81875,	1
81876,	8
81887,	2
81888,	1
81890,	6
81892,	4
81928,	5
81929,	21
81930,	2
81932,	1
245806,	2
245812,	2
114769,	5
114771,	1
449003,	2
114785,	1
114790,	2
114793,	1
114805,	1
114814,	1
114815,	1
114822,	7
114823,	5
114836,	5
114876,	1
147664,	1
114897,	3
114902,	2
114907,	1
114908,	1
147687,	8
114928,	12
147700,	6
55111,	2
114971,	3
114990,	3
204851,	7
147841,	3
246175,	1
147872,	1
115106,	2
55759,	1
147912,	3
23475,	3
147945,	2
442867,	1
442868,	2
115201,	1
115207,	8
148022,	19
246329,	3
246330,	5
115265,	1
115290,	1
115352,	1
115362,	1
148156,	1
49854,	2
49855,	2
49856,	48
57462,	1
148170,	2
115416,	1
115426,	4
148223,	5
541468,	9
148281,	2
115557,	3
148327,	1
115572,	2
8345,	1
133957,	1
115650,	2
115677,	1
115703,	1
115704,	1
246778,	1
115708,	1
115727,	2
79364,	1
115761,	1
150372,	2
115817,	2
115827,	2
115950,	1
50484,	3
50488,	1
50506,	1
50507,	1
50509,	2
50511,	1
50512,	1
116071,	2
116085,	1
116092,	2
148867,	1
23032,	5
116113,	3
116138,	1
50604,	2
116143,	1
50615,	2
50616,	4
50617,	1
116154,	3
50619,	7
56242,	1
50624,	1
50626,	1
50628,	32
50632,	2
50649,	2
50650,	2
83439,	1
83440,	3
83443,	95
83444,	14
83452,	5
116225,	4
83459,	1
83461,	5
83463,	2
83464,	13
83473,	1
83478,	1
83481,	22
50717,	2
494514,	1
83538,	1
83539,	1
83540,	5
83543,	1
83547,	3
83548,	2
83549,	5
378464,	1
378465,	1
116337,	1
50805,	1
50807,	7
3007,	1
50813,	13
57622,	1
83593,	15
83595,	2
83596,	1
116369,	1
116379,	1
50846,	3
50848,	10
8475,	2
50852,	9
50854,	1
50855,	18
50856,	1
50859,	3
50861,	1
83637,	2
83638,	3
83640,	4
83641,	1
83658,	9
83660,	1
83666,	1
83667,	1
116443,	6
116444,	2
116449,	1
116461,	4
149233,	4
83699,	1
83700,	5
50937,	4
83706,	2
83707,	1
57642,	1
50943,	1
50944,	15
83714,	2
83729,	2
83732,	1
83734,	3
83737,	11
83743,	13
83744,	1
83746,	3
23520,	1
90417,	3
83755,	76
83759,	3
51002,	1
51003,	57
51004,	2
51008,	1
51009,	2
51010,	5
51013,	10
51016,	1
51018,	1
51019,	12
51021,	6
51022,	1
51024,	2
51025,	2
51027,	1
51028,	2
51031,	2
51042,	1
51043,	1
51046,	1
51052,	1
51053,	70
51058,	1
51059,	1
51061,	5
51067,	1
51068,	1
51070,	3
51071,	1
51072,	1
51073,	4
51074,	8
51076,	9
51078,	1
51079,	3
51081,	1
51082,	18
83851,	2
51085,	19
51086,	7
83855,	1
83862,	1
51096,	1
51100,	9
51102,	5
83871,	5
83874,	4
51107,	4
51108,	1
83878,	35
51111,	2
51119,	3
51121,	111
149428,	7
51125,	1
51126,	2
90441,	3
83897,	2
83899,	1
51132,	9
51133,	1
51135,	9
51138,	17
51141,	2
51143,	2
51147,	5
51154,	1
51155,	2
51156,	1
51157,	2
51160,	7
149465,	1
51162,	1
83931,	2
51164,	3
83933,	3
51166,	3
51168,	2
83937,	1
51170,	3
51171,	4
51172,	4
83941,	1
83942,	3
51176,	18
51177,	3
149483,	1
51181,	3
51182,	1
51184,	2
51186,	4
83955,	2
51191,	4
51193,	2
51194,	5
84991,	1
51196,	2
51199,	9
51204,	2
51205,	3
51206,	7
51207,	1
83983,	3
83985,	2
51218,	2
3075,	9
83988,	6
23528,	1
83990,	2
51224,	16
51225,	15
51226,	3
51227,	6
83999,	1
51236,	9
51237,	2
123228,	1
51244,	1
51246,	1
51247,	2
51248,	2
51250,	1
51252,	2
51257,	2
51259,	1
51260,	2
84033,	4
51266,	1
51268,	1
51272,	1
51274,	1
51279,	1
51280,	25
51282,	10
51283,	3
51284,	1
51286,	1
84056,	1
280665,	2
51291,	2
84060,	44
51293,	1
84062,	31
51295,	7
84065,	2
51298,	1
84067,	4
51304,	3
84073,	2
84074,	7
84076,	1
84078,	5
84079,	1
84080,	11
51316,	1
51317,	6
51319,	6
51322,	3
51324,	11
23037,	4
51327,	3
51329,	1
51330,	5
84100,	7
84103,	4
84105,	4
84106,	5
84107,	1
51340,	3
51341,	5
51343,	9
51347,	3
379034,	1
51360,	1
51361,	4
51362,	98
51363,	3
51364,	1
51365,	2
51366,	14
51367,	5
51371,	6
84140,	1
84141,	3
51374,	1
51375,	2
51377,	4
51378,	2
84148,	3
51382,	1
84152,	6
51386,	14
51388,	2
51389,	3
84159,	1
84164,	34
51399,	2
84168,	3
51402,	2
84171,	2
84172,	24
84174,	3
51412,	3
84181,	3
84186,	1
84188,	3
51421,	10
51422,	7
84191,	1
51427,	2
51428,	1
51429,	12
51430,	1
51433,	6
51434,	1
84203,	1
84206,	2
51440,	2
3112,	1
51442,	3
51444,	4
116983,	2
116985,	4
84218,	3
51451,	2
84220,	3
84221,	1
51454,	1
51455,	6
84224,	3
51460,	3
84231,	4
84232,	3
51465,	2
51466,	13
149773,	1
149775,	4
51474,	6
51475,	4
23038,	1
84245,	2
84246,	64
84248,	2
84254,	7
84256,	2
84258,	4
84260,	11
51493,	1
51495,	13
51497,	52
84268,	4
84270,	1
84271,	2
51504,	12
84273,	11
51506,	2
51507,	1
84277,	1
51510,	13
84280,	3
84281,	1
51514,	5
51517,	8
84287,	1
51520,	4
84289,	11
84290,	1
51523,	5
51527,	2
84296,	1
51529,	2
84298,	2
84300,	2
51534,	14
51535,	6
51537,	2
51538,	2
84307,	2
84310,	2
84312,	10
84313,	4
51547,	1
51548,	3
51550,	1
84319,	3
51552,	5
51554,	10
51555,	1
84324,	2
51560,	7
51561,	3
51562,	18
84331,	2
51564,	10
51567,	13
51569,	2
51571,	1
51573,	4
84342,	1
83552,	1
51585,	96
51586,	13
51588,	39
51592,	1
51593,	7
51594,	1
51596,	3
84365,	2
51599,	2
51601,	1
51604,	8
51605,	1
51606,	4
117144,	8
117145,	1
51614,	2
51616,	3
51617,	4
51619,	5
117156,	1
117157,	4
117159,	13
51626,	1
51631,	40
51637,	3
51639,	67
117177,	6
117178,	6
51643,	32
51645,	1
51647,	3
51649,	2
51651,	2
51652,	10
51654,	4
51655,	6
51657,	9
117194,	1
51659,	1
51660,	3
84433,	5
51667,	4
51668,	2
51669,	5
84440,	6
84441,	5
84444,	1
84445,	10
51678,	23
84447,	3
149986,	1
84451,	1
51684,	26
641510,	96
84457,	1
51690,	16
51691,	30
51692,	98
51693,	1
84465,	2
84466,	25
51699,	3
51700,	2
51701,	8
51705,	2
51706,	2
51710,	2
117247,	1
117248,	1
51714,	1
51719,	11
51720,	4
51726,	8
51727,	16
51729,	18
84498,	2
51733,	2
51735,	6
51738,	7
51741,	4
51742,	2
51744,	4
51747,	8
84516,	1
51751,	1
51752,	2
51754,	1
51755,	9
84525,	2
51759,	1
84528,	34
84529,	1
51762,	6
51763,	1
51764,	20
51765,	4
84539,	1
51773,	2
51776,	8
84545,	2
51778,	8
84552,	5
84557,	5
150094,	4
84570,	4
51804,	3
51806,	5
51807,	6
51808,	1
79633,	1
84612,	15
84617,	5
84618,	5
84620,	1
84622,	1
84623,	1
84628,	1
84630,	4
139716,	8
84634,	2
84639,	1
84641,	1
84643,	1
84650,	2
84651,	8
84661,	5
84665,	7
150208,	1
84674,	2
84675,	3
84676,	9
84679,	4
84680,	2
84687,	15
84688,	1
84693,	3
84695,	1
84699,	4
84700,	2
84701,	2
84705,	7
84707,	5
84708,	50
84717,	1
84720,	7
84725,	1
84726,	5
84733,	4
84735,	2
200316,	1
84752,	1
84759,	1
84766,	3
84767,	3
84775,	1
84777,	14
154092,	38
221662,	1
84790,	3
117579,	4
84812,	3
117581,	2
117583,	2
84816,	4
84817,	8
84823,	2
84825,	3
84832,	3
84833,	3
164312,	1
84838,	3
84844,	94
84859,	1
84864,	2
84867,	3
84868,	1
84872,	3
84875,	2
84878,	1
84888,	1
84893,	5
84894,	6
84901,	1
84904,	2
84905,	1
84908,	1
84911,	1
84914,	1
84919,	1
84920,	2
84922,	2
84935,	1
150472,	3
84941,	2
150483,	2
84950,	2
84957,	1
84958,	4
84959,	3
84960,	5
84961,	1
84962,	7
84963,	1
84966,	29
84967,	30
84968,	1
84970,	6
84978,	1
84984,	2
84986,	1
84988,	14
642047,	3
84992,	1
84993,	3
85007,	1
85019,	1
85021,	9
85027,	1
150572,	3
642093,	11
117854,	2
150684,	3
56301,	1
642237,	1
145270,	1
150726,	2
3281,	4
150771,	1
85302,	13
85313,	1
642393,	7
85344,	1
642411,	1
85359,	7
85362,	5
85363,	5
85365,	3
85366,	5
85377,	3
85403,	6
85406,	3
199920,	1
85415,	12
85417,	1
85439,	6
85440,	3
85441,	3
85444,	3
85445,	6
85451,	1
150992,	3
85458,	3
85459,	1
85461,	12
56311,	1
85464,	2
85465,	1
85477,	5
60676,	4
85480,	4
642558,	3
85509,	2
8797,	16
151112,	1
347733,	13
347734,	1
151188,	1
118424,	1
118426,	1
118427,	1
118429,	5
118433,	1
118460,	32
151246,	8
161742,	2
151254,	5
347902,	3
23587,	1
85865,	1
642969,	5
642995,	6
118738,	1
151531,	1
282616,	2
282617,	1
282618,	1
118788,	3
149076,	1
134492,	1
151613,	1
643154,	4
151636,	6
53335,	3
53339,	3
53340,	2
151648,	4
168388,	1
53347,	2
53353,	5
53358,	9
53371,	25
118924,	10
53405,	5
53407,	3
282809,	2
151742,	1
116349,	2
55785,	1
151871,	17
151877,	2
348487,	5
151888,	4
282974,	1
414060,	1
414061,	1
414062,	2
282991,	8
53616,	1
53632,	1
53635,	4
53637,	3
283033,	20
151987,	1
85409,	1
414157,	5
152015,	1
283093,	1
152028,	1
643556,	2
80351,	5
55787,	1
414245,	1
643641,	3
53822,	1
53826,	12
53832,	4
152137,	1
53834,	1
414301,	1
119392,	1
283234,	1
283238,	1
283248,	1
53904,	1
53905,	2
53916,	1
53918,	9
283299,	1
53938,	1
53944,	2
283335,	2
53981,	97
85456,	2
54014,	1
54020,	1
54033,	2
54039,	7
119587,	1
54065,	1
348980,	1
54069,	1
283455,	5
348995,	21
283464,	4
54093,	15
54101,	2
54102,	3
54106,	4
283483,	4
283484,	8
283485,	2
283486,	2
283518,	5
54149,	1
54165,	5
643995,	9
54187,	2
644019,	1
152503,	9
54205,	38
54206,	3
54209,	1
54210,	2
283587,	1
54212,	7
283592,	3
54221,	4
644053,	1
200185,	3
3578,	1
283629,	1
283674,	3
54331,	24
54344,	2
54345,	2
54361,	3
283738,	1
283742,	3
283745,	8
54386,	10
54407,	1
87178,	2
54413,	6
54431,	2
54433,	2
54434,	3
90993,	3
54442,	6
54443,	1
283820,	1
283824,	4
54453,	5
54457,	1
54458,	8
54461,	4
54462,	9
54464,	30
54469,	4
54471,	2
54472,	18
54474,	15
54475,	1
54476,	10
54477,	5
644308,	75
152789,	5
54487,	2
54499,	4
54504,	1
54505,	3
54507,	12
54510,	1
54512,	29
54514,	1
54517,	1
54518,	5
54520,	1
54521,	2
283899,	11
54532,	1
54535,	4
54538,	2
54540,	2
54541,	2
54543,	2
54544,	9
54545,	1
54550,	20
54552,	1
54554,	8
54555,	1
54556,	3
54557,	3
54567,	14
54578,	1
644406,	2
54583,	2
152903,	1
54602,	5
54606,	3
283987,	5
54617,	8
54622,	14
284004,	10
284019,	1
284029,	4
54663,	1
54665,	2
54675,	2
54680,	1
284058,	12
54700,	6
54704,	2
134728,	2
284086,	3
54715,	26
54726,	7
54732,	1
54737,	1
284114,	1
54739,	1
284119,	2
54749,	1
54751,	3
284131,	2
54760,	1
54763,	4
54764,	1
54769,	1
54776,	5
54778,	4
153090,	2
54788,	1
54790,	1
54795,	1
54796,	1
54797,	9
54802,	1
54806,	1
54810,	5
54812,	5
54814,	3
54815,	4
54819,	9
54820,	6
54821,	1
54822,	9
54825,	1
54826,	1
54830,	1
284207,	2
54836,	2
54840,	16
284217,	19
54843,	3
54850,	1
54855,	4
54857,	4
54861,	3
54862,	2
54867,	1
54869,	2
54870,	2
54872,	1
54874,	4
54880,	12
54881,	1
54882,	4
54883,	1
54891,	11
54892,	3
54893,	2
54900,	5
54902,	3
54903,	1
54906,	3
54908,	2
54910,	6
54913,	6
54915,	1
284294,	8
54919,	17
54921,	4
54922,	6
54923,	1
54925,	5
54926,	3
54927,	3
284307,	1
54932,	2
54933,	2
54935,	1
54936,	2
54937,	1
54938,	3
54949,	4
54954,	1
54957,	1
54961,	3
54962,	1
54968,	1
54969,	1
54971,	3
54972,	3
54973,	3
54974,	1
54976,	2
54977,	4
54978,	14
54984,	3
54985,	2
54987,	1
644815,	1
54993,	1
54994,	1
54997,	6
54998,	3
55003,	2
55004,	4
55011,	2
55013,	1
55014,	1
55017,	1
55023,	3
55024,	3
284403,	5
55031,	2
55035,	6
55037,	5
55040,	2
55041,	7
55048,	3
55049,	1
55051,	1
55052,	1
55054,	4
55055,	1
55062,	2
284440,	2
55066,	9
55068,	8
55070,	2
55072,	4
55075,	6
55081,	3
55084,	1
55090,	66
55092,	1
55093,	20
55095,	4
55096,	8
284475,	6
55103,	3
55108,	1
55109,	3
55110,	4
9185,	9
55114,	1
55116,	1
55119,	1
55120,	4
55122,	3
55124,	2
55125,	1
55127,	2
55139,	4
55140,	1
55142,	1
55143,	4
55144,	1
55145,	16
55146,	1
55147,	9
55148,	1
55153,	1
55160,	4
55161,	13
55165,	7
55170,	2
55173,	1
55174,	1
55176,	2
55177,	2
55178,	12
55182,	1
55183,	105
55184,	1
55186,	1
55187,	1
55188,	2
55190,	1
55191,	4
55193,	6
55196,	2
55197,	1
55198,	5
55199,	1
55201,	4
284578,	4
55207,	4
55209,	3
55210,	10
55211,	7
55215,	10
55217,	5
55219,	1
55223,	2
55224,	1
55226,	2
55227,	5
55229,	1
55230,	2
55231,	1
55233,	16
55234,	1
55236,	1
284615,	1
55240,	3
55243,	4
55249,	2
55250,	5
55252,	1
55256,	2
55257,	22
55258,	2
55262,	2
55264,	1
645089,	5
55266,	1
55268,	1
55269,	2
55272,	2
55274,	6
55280,	1
55284,	2
55285,	4
55290,	54
55291,	2
55294,	17
55295,	1
55297,	7
55299,	7
55300,	2
284680,	1
55308,	2
140290,	1
55312,	2
55319,	2
55320,	1
55322,	2
55324,	11
55325,	1
55326,	4
55327,	5
55329,	1
55330,	6
55333,	8
55336,	1
55339,	14
55342,	3
55355,	2
55361,	1
55367,	7
55374,	1
55379,	17
55388,	30
153733,	3
55432,	1
55435,	2
55437,	5
55450,	1
55501,	1
55502,	2
55503,	5
55504,	5
55509,	2
55512,	10
55527,	1
55531,	1
55534,	5
55540,	3
284926,	14
55553,	8
347862,	1
55559,	3
55561,	4
22794,	3
22795,	5
22796,	2
22797,	4
22800,	25
22801,	1
22803,	17
55572,	1
22806,	9
22807,	4
22808,	10
22809,	6
55578,	3
22818,	4
55588,	79
22821,	44
22822,	7
22823,	3
22824,	12
55593,	1
22826,	95
22827,	39
55596,	1
121133,	1
55599,	1
55600,	2
22834,	3
55603,	17
55604,	12
55607,	7
22841,	10
55611,	1
55612,	1
55613,	1
55617,	2
55619,	2
55620,	10
22853,	2
55622,	4
55625,	1
22858,	1
22859,	2
55629,	5
645455,	11
22864,	1
22866,	7
22868,	3
22869,	1
55638,	2
22871,	2
22872,	1
22873,	2
22874,	1
55643,	24
55644,	7
22877,	3
55646,	73
22881,	3
22882,	5
22883,	11
22884,	2
22885,	2
22887,	1
22888,	6
22889,	1
55658,	7
22891,	3
55660,	66
22893,	8
55662,	9
55663,	11
55664,	3
55665,	1
55666,	1
22899,	3
22900,	9
55669,	2
22902,	1
55671,	1
22905,	6
22906,	6
22907,	3
22908,	3
55677,	1
22911,	3
55680,	2
22913,	4
22914,	9
55683,	3
22916,	133
22918,	18
88455,	3
22920,	10
55690,	9
55691,	1
22924,	6
22925,	1
22926,	7
22927,	22
22929,	11
55698,	10
55699,	2
55700,	6
22933,	16
22934,	7
55703,	25
22936,	4
22937,	5
22938,	21
55707,	4
285084,	4
22941,	10
22943,	6
55713,	1
55714,	1
55715,	8
22948,	18
55718,	25
55720,	7
22953,	4
55722,	8
55723,	25
55726,	1
55728,	4
55729,	70
121268,	1
55734,	6
55735,	2
55737,	2
55738,	7
154043,	1
55740,	12
55741,	1
55742,	6
55743,	8
22976,	6
22977,	2
55746,	22
55748,	3
22981,	36
55750,	3
22983,	1
22984,	3
22985,	8
55755,	17
55757,	2
55758,	5
285135,	1
22992,	4
55763,	15
22999,	14
55769,	2
55770,	6
285147,	5
23005,	4
55775,	3
55777,	1
23011,	3
23012,	4
23013,	13
23014,	5
23016,	14
154089,	1
23019,	4
23020,	110
23022,	2
55791,	65
23024,	4
23025,	1
23026,	3
55795,	4
23028,	12
23030,	1
23031,	2
55800,	1
55802,	14
55803,	2
55805,	7
55806,	4
23039,	12
23040,	3
55809,	3
23042,	7
23043,	91
55813,	4
55814,	4
23047,	6
23048,	7
23049,	7
23051,	5
23053,	3
23054,	28
55823,	12
55824,	26
55825,	1
55827,	7
23060,	1
55829,	3
23062,	18
23063,	8
55832,	6
23065,	5
55835,	12
55837,	3
23071,	4
55840,	4
55841,	5
55843,	4
23076,	4
23077,	5
55846,	1
55847,	1
55848,	2
219690,	10
55851,	16
23085,	7
55854,	1
121391,	1
55856,	2
23089,	2
23090,	5
55859,	1
23092,	4
23093,	1
23095,	10
23097,	8
23099,	8
55869,	5
55870,	1
55871,	4
55872,	10
23109,	1
23111,	3
23112,	1
23113,	5
23114,	10
55884,	2
55885,	20
23118,	38
23119,	2
55888,	3
23122,	7
23125,	1
23126,	1
23129,	1
55898,	7
23131,	2
23132,	4
55902,	4
23136,	12
23137,	3
23138,	3
23139,	8
23140,	4
23145,	3
55914,	19
55916,	3
23149,	1
55920,	11
55922,	5
23157,	5
55929,	13
23162,	18
23163,	13
23164,	6
23165,	25
23168,	1
55937,	2
23170,	2
23172,	2
23173,	1
23174,	1
23176,	5
23178,	1
23179,	3
23181,	2
23184,	2
23185,	1
23186,	7
23188,	4
55957,	1
23190,	1
23191,	5
23192,	4
23193,	16
23194,	1
23195,	3
55964,	2
23197,	2
55966,	1
23199,	8
55968,	10
55969,	42
55970,	21
23203,	2
23204,	7
55973,	3
23207,	1
23208,	3
23209,	2
23212,	2
23214,	8
23216,	2
23219,	1
23223,	2
23224,	2
23225,	3
285370,	8
23227,	1
23228,	2
23229,	1
55998,	1
23231,	1
56000,	4
56001,	7
23235,	4
23236,	15
56005,	6
154313,	3
23243,	1
23244,	10
121549,	1
23246,	3
23247,	1
23248,	1
23254,	2
23256,	4
23263,	4
23264,	2
23265,	15
23266,	2
23268,	13
23270,	3
23271,	1
23272,	2
23277,	1
23279,	25
23281,	5
23283,	2
23285,	1
23286,	3
23287,	7
23291,	14
23293,	2
23294,	1
23299,	5
23301,	2
613126,	8
23303,	3
23304,	1
23305,	1
23308,	1
23309,	12
23310,	1
134957,	3
23312,	1
23313,	4
23314,	1
23316,	1
285464,	2
23321,	3
23325,	1
23326,	4
23327,	11
23328,	1
23331,	2
23332,	2
23335,	1
23336,	3
23339,	1
23344,	1
23345,	8
23348,	1
23350,	4
23351,	1
23352,	1
23353,	1
23355,	1
23360,	7
23365,	9
23367,	5
285512,	8
23369,	8
23370,	2
23371,	6
23373,	1
56142,	1
56144,	15
23380,	3
23381,	5
23382,	1
23384,	2
23385,	18
23386,	1
23387,	3
23389,	6
23390,	5
56159,	25
23392,	3
23396,	4
23397,	2
23401,	1
56171,	1
23404,	12
23405,	8
23406,	6
23410,	2
23411,	9
23412,	1
23413,	8
23414,	5
23418,	2
23420,	6
23421,	33
23424,	5
23428,	2
23429,	11
25876,	2
23431,	2
23433,	19
23435,	11
56204,	1
285588,	6
23450,	108
23451,	119
23452,	2
23462,	10
23463,	4
23464,	1
23467,	2
23468,	29
23471,	4
56241,	2
23474,	4
56243,	7
23476,	3
25758,	1
23478,	6
23479,	1
23481,	3
23484,	1
3915,	5
23492,	2
23493,	10
23495,	7
23498,	3
23499,	17
220108,	4
23506,	3
23507,	1
252884,	2
23509,	2
23511,	1
23512,	4
23513,	2
23517,	16
23518,	1
56288,	26
23521,	114
23522,	4
23523,	9
23524,	7
220134,	2
220136,	2
23529,	3
23532,	1
23533,	1
23534,	9
449520,	1
23539,	2
23541,	1
23542,	12
23543,	12
23545,	1
23549,	12
23551,	10
23552,	1
23555,	1
220164,	1
23557,	27
23558,	4
23559,	4
23560,	4
23564,	1
23566,	1
23568,	2
23569,	1
56339,	34
56341,	3
56342,	2
23580,	3
23581,	6
23582,	4
23583,	2
23585,	1
23586,	1
200539,	2
23588,	3
23589,	2
23592,	4
23593,	2
23594,	34
23595,	37
23598,	4
23601,	1
23603,	3
23604,	5
23607,	18
23608,	2
285753,	1
23612,	93
23613,	6
23616,	7
23617,	2
252995,	1
23620,	1
23621,	18
23622,	1
23623,	1
23624,	7
23633,	11
285778,	3
23635,	3
23636,	40
23637,	4
23640,	7
23641,	28
23643,	2
23644,	5
23645,	14
23647,	9
23649,	64
23650,	23
23654,	4
23657,	2
23658,	11
23659,	2
23673,	9
23677,	4
23678,	4
23683,	3
23704,	3
23705,	6
56474,	3
56475,	5
23708,	2
56477,	3
56478,	5
56479,	7
154796,	2
122042,	3
23741,	7
23746,	1
23759,	1
23760,	3
23761,	2
23762,	1
23764,	8
23765,	1
23767,	1
23770,	4
23774,	3
23779,	3
220388,	1
23786,	1
23787,	1
154865,	1
56605,	2
56616,	15
56623,	1
56647,	11
56648,	1
253260,	1
56654,	13
56655,	3
56658,	10
6251,	2
56667,	2
56672,	1
56673,	1
56674,	1
56676,	3
56681,	9
286075,	1
56704,	1
646545,	1
151449,	1
56729,	2
56751,	1
3998,	3
286154,	1
548313,	1
286190,	2
220686,	1
56848,	2
56850,	9
56852,	3
220717,	9
286254,	4
56882,	2
151475,	4
56886,	11
56893,	154
56894,	4
56895,	4
56896,	7
56897,	4
56899,	2
56901,	2
56902,	2
56904,	4
24137,	3
56906,	3
24139,	1
24140,	93
56911,	2
24144,	2
56915,	22
24148,	104
56922,	3
56923,	1
56924,	4
286301,	3
220766,	11
56927,	3
56937,	2
56938,	3
56940,	4
56943,	1
56944,	5
56945,	2
56946,	3
56949,	47
56950,	25
56952,	7
56953,	1
56956,	3
56957,	2
56961,	1
56963,	2
56970,	5
56984,	1
56990,	1
56992,	5
56993,	4
56996,	1
56997,	2
56998,	9
57002,	4
57003,	7
135112,	4
57010,	1
89780,	12
89781,	1
57017,	2
57018,	2
57019,	1
57026,	1
89796,	1
89797,	4
57035,	1
57038,	1
57045,	2
57048,	3
57050,	3
57054,	1
57060,	4
57062,	26
286440,	2
286442,	1
286451,	1
548596,	2
57082,	4
57085,	5
122622,	1
57088,	5
89858,	3
57092,	1
57095,	2
57096,	3
57097,	1
89866,	2
57099,	3
57104,	3
253714,	3
89876,	1
57109,	2
57111,	13
57113,	1
89882,	5
89884,	1
89885,	5
57118,	1
89887,	3
57120,	18
57122,	21
220965,	1
57126,	3
285596,	1
57132,	14
57134,	1
57135,	5
57136,	2
286514,	5
57142,	25
57143,	1
57144,	11
57147,	1
220988,	106
57154,	57
342667,	1
57158,	1
57159,	2
57161,	4
57162,	2
57169,	1
89941,	1
57175,	3
221016,	2
57178,	4
57179,	1
57180,	18
89953,	5
57192,	2
221037,	2
57214,	2
57216,	3
57222,	1
57223,	2
122769,	1
221088,	1
122786,	5
90019,	1
90060,	8
90070,	4
221154,	1
57325,	2
57326,	6
25939,	1
57332,	10
57333,	5
90102,	2
57336,	1
57337,	1
57338,	2
122876,	1
653994,	4
90110,	1
124245,	2
221184,	8
90113,	1
253959,	1
90121,	1
253980,	8
286753,	6
57379,	1
57381,	10
57396,	4
57402,	1
57403,	4
57405,	3
57409,	4
57410,	4
122953,	9
57418,	1
221264,	1
57447,	2
57448,	4
286826,	1
286827,	2
57453,	4
57455,	4
90226,	2
57459,	4
221302,	1
57463,	3
57472,	3
57473,	1
57474,	1
123016,	1
90249,	2
57485,	2
57486,	1
57489,	4
57491,	3
57492,	5
57496,	3
57498,	6
90268,	1
57502,	2
57504,	2
57505,	1
57506,	10
57509,	2
57510,	20
57514,	5
57519,	3
57520,	2
57521,	2
57522,	4
57523,	1
57524,	2
57530,	6
57531,	1
57532,	3
57534,	2
57539,	1
57540,	4
57541,	1
57542,	6
57546,	1
57549,	1
57551,	4
57554,	10
57555,	3
57556,	6
57559,	3
57560,	2
57562,	82
57563,	3
57571,	1
57573,	1
57574,	1
57576,	5
57580,	2
57584,	3
57586,	2
57591,	6
57592,	1
57594,	1
57595,	1
57596,	22
57597,	1
57599,	1
221442,	1
57605,	3
57610,	9
57617,	10
221458,	1
57619,	1
57620,	2
57621,	1
90390,	11
57630,	8
221472,	1
123169,	1
57634,	3
90408,	2
90410,	8
90411,	2
57647,	1
57648,	1
57649,	3
57658,	9
90427,	6
57662,	1
57664,	4
57669,	2
57670,	9
57671,	1
57673,	2
57678,	7
57679,	1
57680,	5
57683,	1
57685,	5
221527,	2
57689,	1
57692,	1
57693,	1
57695,	1
57698,	2
57703,	3
57707,	1
57708,	2
90480,	5
57715,	1
57716,	1
57719,	1
90488,	1
57724,	1
57725,	2
57727,	2
57731,	5
221584,	12
123283,	2
57758,	2
57761,	24
57763,	3
57786,	2
57787,	18
57799,	2
57804,	40
57805,	22
140707,	1
90586,	3
57819,	111
57820,	1
57821,	1
57822,	3
57823,	2
90594,	3
57827,	2
57829,	1
160140,	1
221692,	1
90627,	9
27445,	1
57862,	2
90665,	4
90678,	15
221823,	2
9667,	5
22947,	1
90780,	2
90799,	1
90850,	3
90861,	3
90865,	2
221955,	1
26071,	2
221981,	3
58155,	6
58157,	5
90933,	5
140767,	1
353091,	2
90957,	1
58190,	5
58191,	1
90990,	1
91624,	2
91010,	1
648077,	10
254863,	3
254887,	1
91056,	3
123887,	3
140801,	1
197257,	1
91179,	2
255061,	3
353376,	15
58472,	1
58473,	5
58475,	2
58477,	19
58478,	1
58480,	4
58484,	6
58486,	1
58487,	2
58490,	1
58494,	3
58496,	14
58497,	2
58499,	1
58500,	17
58503,	1
58505,	1
58506,	1
58508,	1
58513,	4
58516,	1
9753,	1
124056,	1
58526,	1
58528,	4
58529,	8
25764,	2
58533,	18
25766,	2
91304,	1
25769,	1
58538,	1
25776,	2
25777,	5
25780,	4
222389,	5
25782,	6
91319,	2
25788,	15
25791,	2
25792,	1
25793,	4
25794,	1
25796,	5
25798,	1
25801,	5
25802,	1
25803,	2
25804,	12
25805,	1
25813,	1
25814,	15
25816,	3
25818,	1
25820,	4
25824,	3
25825,	2
25827,	2
25831,	3
25833,	2
25836,	2
25837,	2
25839,	4
25842,	17
25843,	35
25844,	2
25852,	1
25855,	28
25861,	2
25862,	3
25865,	24
25870,	2
25873,	127
25874,	2
222484,	2
25878,	1
91419,	1
25884,	7
25885,	21
25888,	29
25890,	1
25894,	1
25897,	10
25898,	6
25900,	4
25901,	1
25902,	8
25904,	1
91442,	1
25909,	1
25911,	2
25913,	6
25915,	1
124220,	1
25917,	1
25920,	44
64395,	3
25924,	2
25925,	3
25926,	1
25927,	1
25928,	6
25929,	13
25930,	1
91703,	1
25932,	4
25934,	6
25936,	4
25937,	6
222546,	7
200931,	1
25941,	1
25942,	52
25945,	5
25953,	3
25957,	1
25970,	7
25975,	2
25976,	2
25978,	10
25979,	1
25980,	3
25981,	1
91522,	3
25987,	1
25988,	2
25994,	5
25996,	5
25998,	4
26001,	3
26003,	18
91544,	6
26012,	1
26013,	3
26015,	4
26017,	1
26018,	1
26019,	27
26031,	2
26033,	1
26034,	1
222643,	2
26036,	8
26037,	3
26039,	5
26040,	1
26046,	1
26047,	6
255426,	1
26052,	3
26054,	1
222663,	2
26056,	6
26057,	1
26058,	6
26059,	6
26060,	10
26061,	2
26064,	8
91607,	1
26073,	6
26077,	1
26085,	1
26086,	6
26088,	18
26092,	3
26097,	2
124402,	2
26100,	2
200958,	2
26103,	1
26108,	2
26109,	1
91647,	3
255488,	1
91653,	5
26118,	1
26119,	5
26122,	3
91662,	2
26127,	1
26128,	13
26130,	1
26133,	8
26135,	10
26136,	11
9818,	22
26145,	1
26146,	19
26148,	2
26150,	23
26151,	7
26152,	3
26155,	9
124460,	2
26160,	2
26166,	1
26167,	1
26168,	3
386618,	2
26173,	1
26190,	2
26191,	9
26205,	4
26206,	1
26207,	2
91746,	11
157285,	2
91752,	1
58985,	1
91754,	9
26224,	1
26225,	4
26227,	5
26228,	4
26229,	1
26230,	1
9833,	9
26232,	3
26234,	1
26235,	1
26237,	5
157310,	1
26240,	2
91782,	1
26249,	5
26251,	1
26254,	2
26256,	1
26257,	1
26258,	20
26259,	3
26260,	2
26262,	1
26268,	1
26271,	5
26272,	5
26273,	1
386724,	5
26277,	5
26278,	4
124583,	1
222894,	1
26287,	5
26289,	7
26292,	19
26297,	2
26298,	1
59067,	2
386758,	2
59082,	2
91851,	1
91768,	8
26330,	1
26353,	11
26354,	9
26355,	2
255738,	1
255743,	1
255783,	5
91949,	3
91966,	1
91977,	7
91999,	1
26469,	5
26471,	2
26476,	1
157562,	20
124801,	4
59269,	4
26502,	1
59272,	3
26505,	7
26508,	11
59277,	2
26511,	9
26515,	3
26517,	7
59286,	3
26519,	3
26520,	3
26521,	1
26523,	4
26524,	1
26525,	5
26528,	2
92070,	1
59307,	9
26548,	1
92086,	1
649143,	1
255928,	2
124857,	1
157638,	1
59338,	2
59340,	4
59341,	10
26574,	11
59343,	6
26576,	1
59345,	22
26578,	7
26580,	3
59349,	15
59350,	4
26276,	1
26586,	1
387036,	6
255967,	1
255969,	1
92140,	2
124912,	1
124923,	1
124925,	1
124930,	1
387082,	76
124590,	1
157739,	1
124995,	1
157773,	2
9619,	2
26747,	3
26749,	1
26750,	4
26751,	3
26762,	2
92304,	1
53615,	10
92335,	2
92342,	1
92344,	2
92359,	3
125170,	4
92421,	7
387338,	2
122011,	1
256281,	2
92454,	1
256297,	1
92483,	1
26953,	2
26958,	13
26959,	8
26960,	5
158055,	2
92521,	1
26986,	76
256364,	2
26993,	11
26994,	60
26999,	11
27004,	1
27005,	1
27012,	2
27018,	7
27019,	1
27022,	2
27030,	3
27031,	2
27033,	6
27034,	5
27035,	1
27036,	3
27040,	23
27042,	1
27043,	13
27044,	11
92595,	6
27063,	3
27065,	1
27067,	1
27071,	7
27072,	1
92609,	13
387522,	6
27076,	1
27077,	1
27085,	1
27086,	3
27087,	1
27089,	2
27091,	6
27095,	3
27097,	2
27101,	23
27102,	3
27104,	1
27107,	1
27111,	12
27113,	9
27122,	1
27123,	1
27125,	8
27127,	4
27129,	1
27130,	3
27131,	3
27132,	1
27133,	1
27134,	6
27141,	4
27148,	9
27151,	2
27156,	2
27158,	2
27161,	5
27165,	3
125476,	1
27173,	1
27175,	5
27177,	1
27178,	3
27183,	9
27185,	103
27190,	2
92737,	1
27202,	3
256602,	1
27229,	19
27230,	3
27231,	4
27232,	7
27236,	2
27237,	1
27238,	1
27240,	8
27242,	1
27243,	6
27244,	1
27245,	1
27246,	2
27247,	3
27248,	1
27250,	7
27252,	10
27253,	1
27257,	25
27258,	16
92797,	3
92799,	4
92806,	2
92815,	2
27283,	1
92822,	3
27288,	1
27289,	8
27292,	3
27295,	1
27297,	3
27301,	8
27304,	3
27306,	2
27309,	1
27316,	109
92856,	1
27325,	7
27329,	3
27330,	1
27332,	13
27335,	119
27336,	12
27339,	8
27340,	2
27342,	14
27343,	4
27344,	1
27347,	6
27348,	1
27349,	1
27350,	2
27352,	1
92906,	3
158471,	2
27429,	15
27430,	1
27434,	1
27436,	3
27440,	1
27443,	2
387893,	2
387923,	2
60312,	9
60313,	3
60314,	2
256933,	2
93107,	2
252969,	1
388022,	16
266743,	3
93145,	10
60385,	1
4603,	1
60401,	6
60412,	9
125950,	4
93185,	3
60436,	3
125988,	5
60468,	2
164592,	3
60482,	1
60485,	3
60489,	3
60490,	2
60491,	36
60492,	24
60493,	1
158798,	3
60496,	4
60528,	8
60529,	2
126070,	4
60561,	7
60592,	2
126133,	1
257218,	4
60626,	9
388324,	1
201254,	1
93436,	9
93444,	18
60681,	1
60685,	1
255877,	1
257313,	1
93474,	1
93487,	5
126272,	1
126282,	1
388439,	6
252983,	3
126298,	1
266812,	1
257396,	2
257397,	5
126326,	1
10133,	8
159110,	10
93611,	1
388524,	2
126382,	2
283208,	1
93621,	5
119369,	1
388536,	7
126393,	1
388552,	7
93643,	1
93649,	4
4686,	141
93659,	1
93661,	2
93663,	2
93664,	3
93669,	3
201299,	1
23101,	1
64777,	3
159296,	1
4704,	3
28227,	2
388677,	2
388697,	3
192111,	5
650867,	6
388817,	7
26575,	1
59348,	4
337880,	1
93973,	12
93974,	3
26585,	1
93986,	2
23103,	1
94005,	7
94025,	2
94027,	1
94032,	3
94039,	2
28511,	2
28512,	6
28513,	1
28514,	18
126823,	1
94081,	8
94086,	3
94101,	1
28566,	3
389015,	1
94120,	2
94121,	8
94122,	3
28639,	1
126961,	5
168620,	3
127002,	5
94235,	19
94241,	2
94274,	11
170082,	1
553115,	7
192683,	1
159989,	2
6419,	1
28951,	1
28952,	2
28954,	9
28956,	1
28960,	1
28962,	3
28964,	50
28965,	2
28966,	1
28969,	2
28970,	1
28973,	2
28977,	2
28984,	1
28985,	5
28986,	8
28987,	1
28988,	11
28989,	2
28996,	26
28998,	1
10295,	7
29006,	7
29007,	1
29057,	1
29058,	4
29062,	3
29065,	1
29066,	1
29068,	3
29070,	4
29071,	1
29072,	4
29079,	10
29080,	14
225689,	6
29082,	11
29085,	4
29086,	2
29091,	3
29097,	5
29098,	2
29102,	4
29105,	1
29106,	1
29107,	6
29108,	8
29109,	10
29110,	49
29115,	2
29116,	3
29117,	25
29119,	1
29123,	6
29124,	6
29126,	1
29127,	18
29128,	4
135927,	1
135932,	1
389692,	5
127557,	18
389741,	1
127703,	6
389874,	1
4908,	4
4909,	4
159195,	3
201522,	1
389941,	1
127833,	5
160622,	2
127933,	2
164656,	3
54107,	6
54108,	2
29760,	16
29761,	1
29763,	19
29766,	3
29767,	2
29775,	2
29777,	1
160851,	2
29780,	2
29789,	6
259173,	1
29802,	2
259197,	2
259215,	2
29841,	2
29842,	2
29843,	3
29844,	5
29851,	2
259230,	1
128178,	1
29882,	9
29883,	10
29888,	22
29889,	1
259266,	4
29893,	7
29894,	103
29896,	2
29899,	7
29903,	11
29904,	14
29907,	2
29911,	16
29915,	1
29920,	4
29922,	5
29924,	13
128229,	1
29926,	3
29927,	2
29928,	4
161003,	2
29935,	27
128240,	2
29941,	3
29946,	3
29947,	4
29949,	1
29950,	5
29952,	1
29953,	1
29954,	1
29956,	6
29959,	6
29966,	4
29967,	7
29968,	3
29970,	2
29974,	5
29978,	8
29979,	40
29982,	5
29984,	9
29990,	2
29991,	1
29992,	2
29993,	10
29994,	1
29997,	1
30000,	6
30001,	4
30008,	34
30010,	1
30011,	25
30012,	1
390502,	2
30061,	1
30062,	1
128434,	1
390648,	1
55565,	2
55568,	2
55850,	1
653066,	5
653068,	2
653098,	1
653105,	1
653121,	18
128866,	14
128869,	7
653176,	2
114327,	2
653210,	1
653226,	4
22843,	1
55577,	9
161725,	1
391104,	1
653262,	1
653327,	13
161835,	1
653361,	4
129080,	2
653387,	1
161882,	4
30811,	1
30812,	2
30815,	1
30816,	2
30818,	6
30819,	2
30820,	2
30827,	1
30833,	1
30834,	6
30835,	3
30836,	6
30837,	9
26985,	2
30844,	5
30845,	2
30846,	6
30849,	4
30851,	5
653477,	1
256369,	1
653499,	2
55586,	1
653518,	1
136227,	4
30968,	5
653610,	1
260425,	12
63827,	10
55591,	2
63875,	1
63876,	1
63891,	3
63893,	1
63894,	1
63897,	1
63898,	5
129446,	1
63915,	7
63916,	2
63917,	1
63922,	2
63925,	1
63928,	1
63929,	2
63931,	2
63932,	1
63935,	1
63940,	2
63941,	1
63943,	1
63948,	10
391634,	1
22861,	7
63967,	5
63970,	1
63971,	3
63973,	1
63974,	1
129521,	1
129531,	1
96764,	5
64002,	1
64006,	8
129563,	3
64061,	5
64064,	1
64072,	2
64081,	2
64087,	3
64092,	1
64096,	1
64098,	1
64100,	2
64101,	1
64105,	1
64106,	1
64109,	2
64112,	11
162417,	1
64115,	2
64121,	4
64122,	1
64123,	1
64127,	3
64129,	6
64130,	8
64137,	2
92610,	10
64145,	5
653972,	4
129685,	10
64151,	5
64170,	4
55602,	1
64175,	1
326332,	2
64207,	1
64210,	15
64215,	5
64216,	5
64218,	2
64219,	11
64223,	2
64225,	2
64232,	1
64240,	1
64241,	1
129807,	3
64283,	4
64284,	6
64285,	1
64320,	1
64321,	1
64324,	6
64326,	10
64328,	6
64332,	1
64333,	3
64342,	1
64343,	3
64344,	1
64374,	2
64375,	8
64376,	6
162681,	1
64386,	2
64388,	2
162699,	2
64396,	2
64397,	3
64398,	5
64399,	3
64400,	18
64403,	3
64407,	4
64420,	1
64421,	7
64422,	5
64425,	21
64426,	3
64429,	1
64430,	3
64431,	18
64434,	1
130013,	2
64478,	2
326624,	3
326625,	1
326626,	78
92667,	1
201895,	1
64499,	1
64506,	3
654351,	1
392255,	5
64582,	2
64599,	3
64601,	5
26156,	5
64682,	1
162989,	6
64689,	10
64699,	2
64708,	2
64710,	1
64714,	2
55621,	1
64745,	2
64746,	2
64747,	1
64750,	58
64753,	7
64754,	7
64756,	1
64761,	2
64769,	5
64770,	3
64772,	1
64773,	7
64776,	1
163081,	2
64780,	4
64784,	1
64786,	1
64787,	1
64792,	1
64795,	1
359710,	1
64800,	2
64802,	1
64805,	1
64806,	1
163126,	6
64834,	2
64837,	7
3250,	2
64840,	6
64843,	3
64844,	1
64847,	1
64848,	1
64856,	1
130399,	2
64866,	4
5357,	1
64919,	2
163227,	1
64928,	4
359845,	1
64943,	2
64946,	5
64949,	2
64965,	3
64968,	2
64975,	1
64976,	1
64978,	3
22895,	9
130540,	1
65005,	1
65010,	1
65018,	1
359948,	1
65057,	6
65059,	1
65061,	1
65078,	5
65080,	5
130617,	2
65082,	4
114783,	1
65095,	1
65108,	1
65109,	11
65110,	8
65117,	1
261726,	1
65125,	6
261734,	3
114625,	1
22903,	1
65220,	7
65263,	1
65264,	7
65265,	3
65266,	6
65267,	1
65268,	1
163590,	2
360205,	4
196374,	3
196383,	3
196403,	3
130872,	1
196441,	2
130916,	1
163702,	4
196472,	1
196477,	3
196483,	1
158358,	1
130951,	1
163732,	4
79649,	1
196513,	10
196528,	7
196549,	1
131034,	14
158376,	1
